user_id,install_date,platform,device_tier,country,acquisition_channel
u000001,2026-08-28,android,mid,KR,meta_ads
u000002,2026-08-23,android,mid,KR,tiktok_ads
u000003,2026-09-01,ios,mid,JP,meta_ads
u000004,2026-08-15,android,mid,KR,tiktok_ads
u000005,2026-09-01,ios,mid,KR,organic
u000006,2026-08-30,android,mid,JP,google_ads
u000007,2026-08-31,android,low,KR,organic
u000008,2026-08-16,ios,high,TW,organic
u000009,2026-08-20,android,low,KR,google_ads
u000010,2026-08-31,ios,mid,US,organic
u000011,2026-08-18,ios,low,KR,organic
u000012,2026-09-02,android,low,KR,organic
u000013,2026-08-15,ios,low,TW,organic
u000014,2026-09-05,android,high,KR,tiktok_ads
u000015,2026-08-31,ios,mid,KR,google_ads
u000016,2026-08-20,ios,mid,US,tiktok_ads
u000017,2026-08-20,ios,mid,KR,organic
u000018,2026-08-25,android,high,US,organic
u000019,2026-08-23,android,high,KR,meta_ads
u000020,2026-09-06,ios,mid,KR,organic
u000021,2026-08-15,android,mid,KR,organic
u000022,2026-09-02,android,low,KR,meta_ads
u000023,2026-08-28,ios,mid,US,google_ads
u000024,2026-08-22,ios,mid,KR,organic
u000025,2026-08-30,android,high,KR,organic
u000026,2026-08-20,ios,low,JP,cross_promo
u000027,2026-08-15,ios,low,TW,organic
u000028,2026-08-24,ios,high,KR,meta_ads
u000029,2026-08-16,android,mid,TW,google_ads
u000030,2026-08-21,ios,mid,JP,organic
u000031,2026-09-01,android,high,TW,google_ads
u000032,2026-09-06,ios,mid,US,organic
u000033,2026-08-31,android,high,KR,organic
u000034,2026-09-03,ios,mid,KR,organic
u000035,2026-08-28,android,high,OTHER,organic
u000036,2026-08-28,android,low,KR,google_ads
u000037,2026-09-05,android,mid,KR,tiktok_ads
u000038,2026-08-30,android,mid,US,organic
u000039,2026-09-03,ios,mid,KR,meta_ads
u000040,2026-09-04,android,mid,KR,google_ads
u000041,2026-08-24,android,mid,JP,organic
u000042,2026-08-29,ios,mid,KR,google_ads
u000043,2026-09-05,android,low,KR,meta_ads
u000044,2026-08-22,android,mid,KR,tiktok_ads
u000045,2026-09-04,android,mid,US,organic
u000046,2026-08-31,android,mid,KR,organic
u000047,2026-08-23,ios,mid,KR,google_ads
u000048,2026-08-15,android,mid,KR,organic
u000049,2026-08-31,ios,high,JP,cross_promo
u000050,2026-09-02,android,low,JP,meta_ads
u000051,2026-08-22,android,high,US,meta_ads
u000052,2026-09-02,ios,mid,JP,organic
u000053,2026-08-18,android,mid,US,google_ads
u000054,2026-08-21,android,mid,TW,tiktok_ads
u000055,2026-08-15,android,mid,KR,google_ads
u000056,2026-08-30,ios,high,KR,tiktok_ads
u000057,2026-08-30,android,mid,TW,tiktok_ads
u000058,2026-08-19,android,low,KR,tiktok_ads
u000059,2026-08-28,android,mid,KR,organic
u000060,2026-08-16,android,mid,KR,meta_ads
u000061,2026-08-28,android,mid,KR,organic
u000062,2026-08-30,ios,high,KR,organic
u000063,2026-09-06,ios,high,KR,cross_promo
u000064,2026-08-26,android,mid,KR,google_ads
u000065,2026-08-20,android,mid,KR,organic
u000066,2026-08-25,ios,mid,OTHER,google_ads
u000067,2026-09-05,android,low,KR,tiktok_ads
u000068,2026-09-03,ios,high,KR,google_ads
u000069,2026-08-29,android,low,KR,google_ads
u000070,2026-08-28,android,mid,JP,meta_ads
u000071,2026-09-01,ios,mid,KR,meta_ads
u000072,2026-09-03,android,mid,KR,organic
u000073,2026-08-24,ios,mid,KR,google_ads
u000074,2026-09-03,android,high,JP,organic
u000075,2026-08-19,android,mid,KR,meta_ads
u000076,2026-08-15,ios,high,JP,organic
u000077,2026-08-21,android,low,KR,google_ads
u000078,2026-09-06,ios,mid,TW,google_ads
u000079,2026-08-18,android,low,KR,organic
u000080,2026-08-27,android,low,JP,tiktok_ads
u000081,2026-08-27,ios,mid,US,organic
u000082,2026-09-04,android,high,US,cross_promo
u000083,2026-08-19,android,low,US,google_ads
u000084,2026-09-03,ios,low,OTHER,google_ads
u000085,2026-09-06,android,low,OTHER,google_ads
u000086,2026-08-23,ios,mid,TW,tiktok_ads
u000087,2026-08-28,ios,high,OTHER,organic
u000088,2026-08-30,android,low,TW,tiktok_ads
u000089,2026-08-19,android,mid,KR,organic
u000090,2026-09-05,android,high,US,tiktok_ads
u000091,2026-09-02,android,mid,KR,google_ads
u000092,2026-08-21,ios,mid,OTHER,organic
u000093,2026-08-29,ios,mid,JP,google_ads
u000094,2026-08-27,ios,high,KR,tiktok_ads
u000095,2026-08-26,android,mid,KR,organic
u000096,2026-09-06,ios,high,US,tiktok_ads
u000097,2026-09-01,ios,mid,KR,meta_ads
u000098,2026-08-24,android,mid,KR,organic
u000099,2026-08-24,android,mid,KR,meta_ads
u000100,2026-08-15,ios,mid,TW,google_ads
u000101,2026-08-17,android,low,KR,organic
u000102,2026-08-26,ios,low,US,meta_ads
u000103,2026-08-29,ios,high,KR,google_ads
u000104,2026-09-01,android,mid,OTHER,meta_ads
u000105,2026-08-23,android,low,TW,google_ads
u000106,2026-09-04,ios,mid,KR,organic
u000107,2026-08-18,ios,mid,OTHER,google_ads
u000108,2026-08-23,ios,low,KR,organic
u000109,2026-08-17,android,mid,OTHER,organic
u000110,2026-08-30,android,mid,KR,organic
u000111,2026-09-04,android,low,JP,google_ads
u000112,2026-08-25,android,low,TW,organic
u000113,2026-08-18,android,low,KR,google_ads
u000114,2026-08-16,android,low,OTHER,meta_ads
u000115,2026-09-02,android,mid,TW,cross_promo
u000116,2026-09-06,android,mid,KR,meta_ads
u000117,2026-08-20,android,low,KR,organic
u000118,2026-08-19,android,mid,KR,meta_ads
u000119,2026-08-24,ios,mid,JP,organic
u000120,2026-08-25,android,mid,US,organic
u000121,2026-08-18,android,mid,KR,meta_ads
u000122,2026-08-19,ios,mid,KR,meta_ads
u000123,2026-08-28,android,high,JP,meta_ads
u000124,2026-08-21,android,low,KR,google_ads
u000125,2026-08-25,ios,mid,KR,meta_ads
u000126,2026-09-06,ios,mid,US,google_ads
u000127,2026-09-05,android,mid,KR,tiktok_ads
u000128,2026-09-04,android,mid,JP,meta_ads
u000129,2026-08-15,android,mid,KR,meta_ads
u000130,2026-08-23,android,low,KR,organic
u000131,2026-08-24,android,high,TW,tiktok_ads
u000132,2026-08-17,android,high,KR,organic
u000133,2026-08-24,android,high,KR,meta_ads
u000134,2026-08-30,ios,mid,KR,meta_ads
u000135,2026-09-05,ios,high,KR,organic
u000136,2026-08-31,ios,low,JP,tiktok_ads
u000137,2026-09-04,android,mid,KR,meta_ads
u000138,2026-08-15,ios,high,JP,organic
u000139,2026-08-30,android,low,JP,organic
u000140,2026-09-05,ios,high,KR,google_ads
u000141,2026-08-17,android,low,KR,google_ads
u000142,2026-08-24,android,mid,KR,organic
u000143,2026-08-21,android,mid,KR,google_ads
u000144,2026-08-24,android,low,KR,tiktok_ads
u000145,2026-09-01,android,low,KR,organic
u000146,2026-08-21,ios,mid,TW,meta_ads
u000147,2026-08-26,android,high,US,tiktok_ads
u000148,2026-08-15,ios,mid,KR,meta_ads
u000149,2026-08-18,android,mid,KR,meta_ads
u000150,2026-08-24,ios,mid,KR,organic
u000151,2026-08-26,android,mid,KR,organic
u000152,2026-08-19,android,low,US,meta_ads
u000153,2026-08-25,ios,low,KR,meta_ads
u000154,2026-08-26,android,low,JP,tiktok_ads
u000155,2026-08-24,android,low,US,meta_ads
u000156,2026-08-23,ios,high,JP,cross_promo
u000157,2026-08-23,android,mid,OTHER,meta_ads
u000158,2026-08-22,ios,mid,OTHER,tiktok_ads
u000159,2026-08-22,android,low,KR,google_ads
u000160,2026-08-28,android,mid,KR,meta_ads
u000161,2026-09-06,android,low,KR,organic
u000162,2026-08-20,android,mid,US,tiktok_ads
u000163,2026-08-20,android,low,KR,organic
u000164,2026-08-17,ios,mid,KR,google_ads
u000165,2026-08-23,android,mid,TW,tiktok_ads
u000166,2026-08-16,android,low,KR,meta_ads
u000167,2026-08-18,android,mid,JP,cross_promo
u000168,2026-08-20,android,mid,TW,organic
u000169,2026-08-17,android,low,JP,cross_promo
u000170,2026-08-19,android,mid,KR,cross_promo
u000171,2026-08-20,android,high,KR,google_ads
u000172,2026-09-01,android,high,KR,organic
u000173,2026-08-18,ios,high,TW,cross_promo
u000174,2026-09-02,ios,high,US,tiktok_ads
u000175,2026-08-19,android,low,US,meta_ads
u000176,2026-08-29,android,mid,KR,google_ads
u000177,2026-08-27,ios,mid,KR,meta_ads
u000178,2026-08-28,android,mid,KR,meta_ads
u000179,2026-09-01,android,mid,KR,cross_promo
u000180,2026-09-03,ios,high,US,meta_ads
u000181,2026-08-28,android,mid,US,google_ads
u000182,2026-08-16,android,low,US,tiktok_ads
u000183,2026-09-01,android,mid,KR,cross_promo
u000184,2026-08-30,ios,high,JP,meta_ads
u000185,2026-08-23,android,mid,KR,tiktok_ads
u000186,2026-08-25,ios,mid,KR,tiktok_ads
u000187,2026-08-27,android,mid,KR,google_ads
u000188,2026-09-04,ios,low,KR,meta_ads
u000189,2026-09-04,ios,high,TW,meta_ads
u000190,2026-09-04,android,low,KR,organic
u000191,2026-08-28,ios,low,KR,google_ads
u000192,2026-09-03,ios,mid,KR,google_ads
u000193,2026-09-03,android,mid,US,meta_ads
u000194,2026-08-26,ios,mid,KR,organic
u000195,2026-08-30,ios,high,US,meta_ads
u000196,2026-08-17,ios,high,KR,tiktok_ads
u000197,2026-09-01,android,mid,KR,google_ads
u000198,2026-08-16,ios,high,KR,meta_ads
u000199,2026-09-01,android,low,KR,tiktok_ads
u000200,2026-08-24,android,low,JP,organic
u000201,2026-08-16,ios,high,TW,google_ads
u000202,2026-08-29,ios,mid,KR,google_ads
u000203,2026-08-27,android,low,JP,tiktok_ads
u000204,2026-08-24,android,mid,JP,google_ads
u000205,2026-08-21,ios,low,KR,meta_ads
u000206,2026-08-23,android,low,TW,organic
u000207,2026-08-30,android,low,JP,organic
u000208,2026-08-15,android,mid,KR,google_ads
u000209,2026-08-27,android,high,KR,meta_ads
u000210,2026-08-31,android,low,KR,organic
u000211,2026-08-16,ios,mid,JP,meta_ads
u000212,2026-08-21,android,low,KR,cross_promo
u000213,2026-08-27,android,mid,KR,tiktok_ads
u000214,2026-09-05,ios,low,TW,tiktok_ads
u000215,2026-08-27,ios,high,KR,tiktok_ads
u000216,2026-08-20,ios,mid,KR,tiktok_ads
u000217,2026-08-28,android,high,OTHER,google_ads
u000218,2026-08-15,android,low,KR,meta_ads
u000219,2026-09-05,android,mid,KR,google_ads
u000220,2026-08-21,android,low,OTHER,meta_ads
u000221,2026-08-29,android,low,KR,meta_ads
u000222,2026-08-15,android,high,KR,meta_ads
u000223,2026-09-03,android,high,KR,organic
u000224,2026-08-27,ios,high,KR,organic
u000225,2026-09-06,android,low,US,meta_ads
u000226,2026-08-20,android,mid,TW,google_ads
u000227,2026-08-18,android,low,KR,organic
u000228,2026-08-27,android,mid,OTHER,organic
u000229,2026-08-26,ios,mid,TW,tiktok_ads
u000230,2026-08-25,ios,high,KR,organic
u000231,2026-09-03,android,high,KR,organic
u000232,2026-08-20,ios,high,KR,meta_ads
u000233,2026-09-01,ios,high,KR,google_ads
u000234,2026-09-01,android,mid,KR,google_ads
u000235,2026-08-21,android,low,TW,google_ads
u000236,2026-08-27,android,mid,US,organic
u000237,2026-08-20,android,mid,KR,tiktok_ads
u000238,2026-09-05,ios,mid,US,organic
u000239,2026-09-01,android,mid,KR,meta_ads
u000240,2026-08-18,android,mid,KR,organic
u000241,2026-08-26,ios,low,KR,meta_ads
u000242,2026-08-23,android,low,KR,organic
u000243,2026-08-23,ios,high,US,google_ads
u000244,2026-09-06,android,mid,OTHER,organic
u000245,2026-08-19,android,low,KR,meta_ads
u000246,2026-09-04,android,high,KR,meta_ads
u000247,2026-09-02,android,mid,KR,organic
u000248,2026-09-06,android,low,KR,organic
u000249,2026-08-18,ios,mid,KR,google_ads
u000250,2026-09-04,android,low,OTHER,organic
u000251,2026-08-27,android,low,US,cross_promo
u000252,2026-08-27,android,mid,KR,organic
u000253,2026-09-04,android,high,US,tiktok_ads
u000254,2026-09-01,ios,mid,KR,meta_ads
u000255,2026-09-03,android,mid,US,organic
u000256,2026-08-30,android,mid,KR,organic
u000257,2026-08-17,ios,high,KR,google_ads
u000258,2026-08-15,android,mid,JP,google_ads
u000259,2026-08-23,ios,high,KR,meta_ads
u000260,2026-08-25,android,mid,TW,organic
u000261,2026-09-04,android,low,KR,meta_ads
u000262,2026-08-15,android,mid,TW,organic
u000263,2026-08-31,android,low,KR,google_ads
u000264,2026-08-31,ios,high,KR,organic
u000265,2026-08-31,android,mid,OTHER,cross_promo
u000266,2026-09-03,android,low,US,meta_ads
u000267,2026-08-29,android,low,JP,organic
u000268,2026-08-24,android,mid,KR,meta_ads
u000269,2026-08-27,ios,high,OTHER,organic
u000270,2026-09-05,ios,mid,KR,meta_ads
u000271,2026-08-17,ios,mid,KR,google_ads
u000272,2026-09-05,ios,low,US,tiktok_ads
u000273,2026-09-03,ios,high,US,meta_ads
u000274,2026-09-01,android,mid,KR,meta_ads
u000275,2026-09-02,android,low,OTHER,tiktok_ads
u000276,2026-08-27,android,mid,KR,organic
u000277,2026-08-23,android,mid,JP,tiktok_ads
u000278,2026-08-24,android,mid,KR,organic
u000279,2026-09-05,android,low,KR,organic
u000280,2026-09-05,ios,high,US,organic
u000281,2026-08-17,android,low,KR,meta_ads
u000282,2026-08-15,android,mid,US,meta_ads
u000283,2026-09-05,ios,mid,JP,meta_ads
u000284,2026-09-01,ios,mid,US,cross_promo
u000285,2026-08-15,android,mid,TW,organic
u000286,2026-08-16,ios,mid,KR,meta_ads
u000287,2026-08-23,android,mid,KR,google_ads
u000288,2026-09-01,android,mid,KR,meta_ads
u000289,2026-08-30,android,high,KR,google_ads
u000290,2026-08-25,ios,high,KR,google_ads
u000291,2026-08-16,android,mid,TW,meta_ads
u000292,2026-08-16,android,low,JP,tiktok_ads
u000293,2026-08-22,android,mid,KR,google_ads
u000294,2026-08-28,android,low,OTHER,organic
u000295,2026-08-21,android,mid,KR,meta_ads
u000296,2026-08-25,ios,high,OTHER,meta_ads
u000297,2026-08-25,ios,high,JP,organic
u000298,2026-08-24,android,low,KR,tiktok_ads
u000299,2026-08-18,ios,mid,KR,google_ads
u000300,2026-08-16,ios,high,JP,organic
u000301,2026-09-06,android,low,TW,google_ads
u000302,2026-08-29,ios,mid,KR,google_ads
u000303,2026-08-24,ios,mid,KR,google_ads
u000304,2026-08-23,android,mid,KR,google_ads
u000305,2026-08-26,ios,high,KR,organic
u000306,2026-09-06,android,high,KR,meta_ads
u000307,2026-08-29,android,high,KR,google_ads
u000308,2026-09-03,android,mid,US,organic
u000309,2026-09-05,android,mid,KR,tiktok_ads
u000310,2026-08-23,ios,high,KR,organic
u000311,2026-09-02,android,high,US,google_ads
u000312,2026-08-31,android,low,KR,tiktok_ads
u000313,2026-08-22,android,low,KR,google_ads
u000314,2026-09-05,android,high,KR,organic
u000315,2026-08-17,android,mid,KR,tiktok_ads
u000316,2026-08-26,android,high,KR,google_ads
u000317,2026-09-03,android,low,US,google_ads
u000318,2026-08-22,ios,high,KR,tiktok_ads
u000319,2026-08-23,android,low,KR,organic
u000320,2026-08-23,android,low,KR,organic
u000321,2026-08-28,ios,high,KR,organic
u000322,2026-08-27,android,high,JP,google_ads
u000323,2026-08-26,android,high,TW,organic
u000324,2026-08-18,ios,low,KR,organic
u000325,2026-09-06,android,mid,JP,google_ads
u000326,2026-08-29,ios,mid,JP,tiktok_ads
u000327,2026-08-23,android,high,KR,meta_ads
u000328,2026-08-15,ios,mid,US,google_ads
u000329,2026-08-28,android,low,TW,organic
u000330,2026-08-19,ios,mid,OTHER,tiktok_ads
u000331,2026-09-01,ios,mid,TW,tiktok_ads
u000332,2026-08-30,ios,high,KR,meta_ads
u000333,2026-08-16,android,low,KR,meta_ads
u000334,2026-08-15,android,mid,KR,organic
u000335,2026-08-19,android,mid,KR,cross_promo
u000336,2026-08-31,android,high,OTHER,meta_ads
u000337,2026-08-23,android,low,KR,organic
u000338,2026-09-03,ios,high,JP,google_ads
u000339,2026-08-27,android,high,KR,organic
u000340,2026-09-06,android,low,TW,tiktok_ads
u000341,2026-09-01,android,mid,OTHER,organic
u000342,2026-08-24,ios,mid,JP,tiktok_ads
u000343,2026-08-28,ios,high,JP,meta_ads
u000344,2026-08-22,ios,high,US,google_ads
u000345,2026-09-01,android,mid,JP,google_ads
u000346,2026-08-31,android,mid,US,meta_ads
u000347,2026-08-30,android,low,US,google_ads
u000348,2026-09-06,ios,mid,KR,meta_ads
u000349,2026-08-17,android,mid,KR,google_ads
u000350,2026-08-21,android,mid,JP,cross_promo
u000351,2026-08-16,ios,mid,US,google_ads
u000352,2026-09-06,ios,high,KR,organic
u000353,2026-09-01,android,low,OTHER,meta_ads
u000354,2026-08-19,android,high,KR,google_ads
u000355,2026-08-18,android,mid,KR,google_ads
u000356,2026-09-03,android,low,JP,organic
u000357,2026-08-27,ios,mid,TW,organic
u000358,2026-08-29,android,mid,KR,meta_ads
u000359,2026-08-24,android,low,US,tiktok_ads
u000360,2026-09-01,ios,mid,JP,organic
u000361,2026-08-25,ios,low,OTHER,organic
u000362,2026-08-27,ios,mid,KR,cross_promo
u000363,2026-08-21,ios,low,KR,meta_ads
u000364,2026-08-20,ios,high,TW,meta_ads
u000365,2026-08-18,android,high,KR,google_ads
u000366,2026-08-31,android,mid,KR,google_ads
u000367,2026-08-26,ios,high,US,organic
u000368,2026-08-29,android,mid,KR,tiktok_ads
u000369,2026-08-21,android,mid,KR,meta_ads
u000370,2026-08-16,android,low,KR,meta_ads
u000371,2026-08-20,android,mid,KR,organic
u000372,2026-08-27,android,mid,OTHER,organic
u000373,2026-08-19,ios,high,TW,meta_ads
u000374,2026-09-02,ios,low,KR,cross_promo
u000375,2026-08-23,android,low,KR,meta_ads
u000376,2026-09-02,ios,mid,US,tiktok_ads
u000377,2026-08-20,android,mid,KR,tiktok_ads
u000378,2026-08-31,ios,high,US,organic
u000379,2026-09-02,android,high,KR,tiktok_ads
u000380,2026-08-25,android,low,KR,organic
u000381,2026-08-17,ios,mid,KR,tiktok_ads
u000382,2026-08-17,ios,low,KR,tiktok_ads
u000383,2026-09-01,ios,mid,KR,organic
u000384,2026-08-26,ios,low,JP,tiktok_ads
u000385,2026-08-28,android,low,US,google_ads
u000386,2026-08-22,android,high,KR,meta_ads
u000387,2026-08-19,android,mid,US,meta_ads
u000388,2026-08-24,android,high,KR,meta_ads
u000389,2026-09-06,ios,mid,JP,organic
u000390,2026-08-29,ios,low,KR,organic
u000391,2026-08-25,android,high,KR,organic
u000392,2026-08-25,ios,high,KR,google_ads
u000393,2026-08-17,android,mid,KR,organic
u000394,2026-08-25,ios,mid,KR,google_ads
u000395,2026-09-01,android,low,JP,tiktok_ads
u000396,2026-09-04,android,mid,KR,tiktok_ads
u000397,2026-08-31,ios,mid,JP,google_ads
u000398,2026-08-24,ios,high,US,google_ads
u000399,2026-08-30,ios,mid,US,cross_promo
u000400,2026-08-16,android,low,KR,organic
u000401,2026-08-23,android,low,JP,tiktok_ads
u000402,2026-08-25,ios,low,TW,meta_ads
u000403,2026-08-23,android,mid,OTHER,organic
u000404,2026-08-22,android,mid,US,meta_ads
u000405,2026-08-31,android,high,KR,cross_promo
u000406,2026-08-19,ios,high,TW,meta_ads
u000407,2026-08-27,android,high,JP,meta_ads
u000408,2026-08-26,android,low,JP,cross_promo
u000409,2026-08-30,android,mid,US,tiktok_ads
u000410,2026-08-31,android,high,US,organic
u000411,2026-08-17,android,mid,KR,meta_ads
u000412,2026-09-01,ios,high,KR,cross_promo
u000413,2026-08-24,android,low,KR,tiktok_ads
u000414,2026-08-18,android,mid,JP,organic
u000415,2026-08-22,ios,low,JP,tiktok_ads
u000416,2026-08-24,android,high,KR,cross_promo
u000417,2026-09-01,android,mid,TW,meta_ads
u000418,2026-09-04,android,mid,KR,google_ads
u000419,2026-09-01,ios,high,OTHER,tiktok_ads
u000420,2026-09-06,android,low,TW,google_ads
u000421,2026-08-22,android,low,OTHER,organic
u000422,2026-08-17,android,mid,KR,organic
u000423,2026-08-19,android,low,TW,tiktok_ads
u000424,2026-09-04,android,low,OTHER,meta_ads
u000425,2026-09-04,ios,high,US,meta_ads
u000426,2026-08-17,android,low,KR,tiktok_ads
u000427,2026-08-26,android,mid,US,tiktok_ads
u000428,2026-08-27,ios,high,KR,meta_ads
u000429,2026-08-26,android,high,JP,google_ads
u000430,2026-08-21,android,low,KR,organic
u000431,2026-08-15,ios,mid,US,tiktok_ads
u000432,2026-09-02,ios,mid,KR,organic
u000433,2026-09-01,ios,mid,KR,organic
u000434,2026-08-20,ios,high,US,cross_promo
u000435,2026-08-30,android,mid,JP,meta_ads
u000436,2026-08-20,ios,mid,JP,organic
u000437,2026-08-29,android,high,KR,tiktok_ads
u000438,2026-09-02,android,low,KR,google_ads
u000439,2026-08-22,android,high,KR,organic
u000440,2026-08-15,android,low,US,organic
u000441,2026-08-27,android,mid,KR,google_ads
u000442,2026-08-21,android,low,KR,meta_ads
u000443,2026-08-29,android,high,KR,tiktok_ads
u000444,2026-08-31,android,low,JP,tiktok_ads
u000445,2026-08-24,ios,high,KR,meta_ads
u000446,2026-09-05,android,high,KR,meta_ads
u000447,2026-08-29,ios,high,KR,meta_ads
u000448,2026-08-19,android,mid,KR,meta_ads
u000449,2026-08-22,android,low,JP,google_ads
u000450,2026-09-06,ios,mid,KR,tiktok_ads
u000451,2026-08-24,android,low,KR,tiktok_ads
u000452,2026-08-22,android,low,KR,cross_promo
u000453,2026-09-04,ios,mid,JP,meta_ads
u000454,2026-09-02,android,mid,KR,tiktok_ads
u000455,2026-09-03,android,low,KR,google_ads
u000456,2026-08-28,android,mid,KR,google_ads
u000457,2026-08-27,android,mid,KR,organic
u000458,2026-08-19,ios,high,KR,organic
u000459,2026-08-16,android,mid,OTHER,tiktok_ads
u000460,2026-09-05,android,high,US,google_ads
u000461,2026-08-27,android,low,KR,meta_ads
u000462,2026-08-25,android,low,US,organic
u000463,2026-08-31,android,high,OTHER,google_ads
u000464,2026-08-28,android,mid,KR,google_ads
u000465,2026-08-18,android,low,JP,organic
u000466,2026-08-26,ios,mid,KR,organic
u000467,2026-08-15,android,high,KR,tiktok_ads
u000468,2026-09-04,ios,high,US,tiktok_ads
u000469,2026-08-29,ios,high,KR,meta_ads
u000470,2026-08-31,android,low,US,organic
u000471,2026-08-31,android,mid,KR,google_ads
u000472,2026-09-04,ios,mid,KR,meta_ads
u000473,2026-09-01,ios,high,KR,meta_ads
u000474,2026-08-18,android,high,KR,meta_ads
u000475,2026-08-24,android,high,KR,google_ads
u000476,2026-09-04,android,low,TW,organic
u000477,2026-08-30,android,low,KR,tiktok_ads
u000478,2026-08-22,android,low,KR,tiktok_ads
u000479,2026-08-27,android,low,KR,organic
u000480,2026-09-05,android,low,US,google_ads
u000481,2026-08-27,ios,high,US,cross_promo
u000482,2026-08-29,ios,high,KR,meta_ads
u000483,2026-08-26,android,low,KR,organic
u000484,2026-08-16,android,low,KR,organic
u000485,2026-08-30,ios,low,KR,organic
u000486,2026-09-01,android,mid,US,meta_ads
u000487,2026-08-31,ios,high,KR,organic
u000488,2026-09-03,android,high,KR,tiktok_ads
u000489,2026-08-15,ios,high,KR,google_ads
u000490,2026-08-30,android,low,KR,google_ads
u000491,2026-08-24,android,mid,JP,organic
u000492,2026-08-22,ios,high,KR,google_ads
u000493,2026-09-03,android,low,KR,meta_ads
u000494,2026-08-23,android,low,KR,google_ads
u000495,2026-08-26,android,high,KR,organic
u000496,2026-08-18,android,mid,US,tiktok_ads
u000497,2026-08-17,android,mid,US,tiktok_ads
u000498,2026-08-18,android,mid,OTHER,tiktok_ads
u000499,2026-08-20,android,low,KR,google_ads
u000500,2026-08-27,android,low,JP,meta_ads
u000501,2026-08-27,android,low,JP,meta_ads
u000502,2026-09-05,android,low,KR,organic
u000503,2026-08-23,android,mid,US,google_ads
u000504,2026-09-01,android,low,KR,meta_ads
u000505,2026-08-30,ios,mid,KR,google_ads
u000506,2026-08-23,ios,high,US,organic
u000507,2026-08-19,ios,low,US,tiktok_ads
u000508,2026-08-21,ios,low,KR,organic
u000509,2026-08-25,android,low,KR,tiktok_ads
u000510,2026-08-18,android,mid,TW,tiktok_ads
u000511,2026-08-21,ios,high,KR,tiktok_ads
u000512,2026-08-19,android,high,US,google_ads
u000513,2026-08-26,ios,low,US,organic
u000514,2026-08-24,ios,mid,OTHER,organic
u000515,2026-08-29,android,mid,KR,organic
u000516,2026-08-23,ios,low,KR,organic
u000517,2026-09-04,android,low,US,meta_ads
u000518,2026-08-30,ios,high,TW,organic
u000519,2026-08-29,android,low,KR,google_ads
u000520,2026-08-24,android,mid,US,google_ads
u000521,2026-08-24,android,mid,KR,organic
u000522,2026-08-17,android,mid,KR,organic
u000523,2026-08-23,ios,high,KR,tiktok_ads
u000524,2026-08-20,ios,mid,KR,meta_ads
u000525,2026-08-23,android,low,US,cross_promo
u000526,2026-08-25,android,low,KR,google_ads
u000527,2026-08-25,ios,high,KR,google_ads
u000528,2026-09-02,ios,low,TW,organic
u000529,2026-09-06,ios,low,KR,meta_ads
u000530,2026-08-16,ios,high,KR,organic
u000531,2026-08-29,ios,mid,OTHER,organic
u000532,2026-08-27,ios,high,KR,cross_promo
u000533,2026-08-30,android,high,KR,organic
u000534,2026-08-28,android,low,OTHER,tiktok_ads
u000535,2026-09-03,ios,mid,OTHER,meta_ads
u000536,2026-08-29,android,mid,KR,google_ads
u000537,2026-09-06,android,mid,KR,google_ads
u000538,2026-09-06,android,mid,KR,tiktok_ads
u000539,2026-09-04,ios,low,KR,organic
u000540,2026-08-31,ios,high,KR,organic
u000541,2026-09-05,ios,mid,KR,meta_ads
u000542,2026-08-17,android,mid,KR,google_ads
u000543,2026-09-06,android,mid,US,cross_promo
u000544,2026-08-22,ios,high,KR,organic
u000545,2026-08-17,android,low,KR,meta_ads
u000546,2026-08-31,ios,high,KR,cross_promo
u000547,2026-09-05,android,mid,OTHER,cross_promo
u000548,2026-08-26,ios,mid,TW,organic
u000549,2026-08-30,android,low,KR,google_ads
u000550,2026-08-28,android,low,US,google_ads
u000551,2026-08-19,ios,high,TW,organic
u000552,2026-09-04,android,high,US,google_ads
u000553,2026-08-26,android,low,KR,google_ads
u000554,2026-08-24,ios,high,KR,google_ads
u000555,2026-08-29,android,mid,US,organic
u000556,2026-08-20,android,mid,JP,meta_ads
u000557,2026-08-23,android,mid,US,organic
u000558,2026-09-02,android,low,JP,google_ads
u000559,2026-09-05,android,mid,KR,meta_ads
u000560,2026-08-29,android,mid,KR,meta_ads
u000561,2026-08-23,android,mid,KR,meta_ads
u000562,2026-08-17,ios,low,US,organic
u000563,2026-08-19,android,mid,JP,meta_ads
u000564,2026-08-18,android,high,KR,meta_ads
u000565,2026-08-15,android,mid,KR,cross_promo
u000566,2026-08-16,android,mid,KR,tiktok_ads
u000567,2026-09-04,ios,low,JP,google_ads
u000568,2026-08-21,android,mid,US,tiktok_ads
u000569,2026-09-03,android,low,KR,organic
u000570,2026-09-03,android,high,OTHER,organic
u000571,2026-09-02,ios,mid,KR,meta_ads
u000572,2026-08-24,android,high,US,cross_promo
u000573,2026-09-02,android,low,TW,organic
u000574,2026-08-27,android,low,KR,meta_ads
u000575,2026-08-19,android,high,KR,google_ads
u000576,2026-09-01,android,low,TW,meta_ads
u000577,2026-08-18,ios,high,KR,google_ads
u000578,2026-08-27,ios,high,KR,organic
u000579,2026-09-05,ios,high,KR,organic
u000580,2026-08-24,android,mid,KR,tiktok_ads
u000581,2026-08-21,ios,mid,KR,cross_promo
u000582,2026-08-25,android,mid,US,meta_ads
u000583,2026-08-22,android,mid,KR,google_ads
u000584,2026-08-27,android,mid,TW,google_ads
u000585,2026-08-23,android,mid,KR,meta_ads
u000586,2026-08-20,android,low,KR,meta_ads
u000587,2026-08-17,android,mid,US,meta_ads
u000588,2026-08-29,ios,mid,US,meta_ads
u000589,2026-08-16,ios,high,KR,organic
u000590,2026-08-21,android,low,JP,google_ads
u000591,2026-08-17,android,mid,US,organic
u000592,2026-08-27,android,high,US,organic
u000593,2026-08-15,android,high,JP,google_ads
u000594,2026-08-23,android,mid,KR,organic
u000595,2026-08-27,android,low,OTHER,google_ads
u000596,2026-08-15,ios,mid,KR,meta_ads
u000597,2026-08-21,ios,high,KR,google_ads
u000598,2026-09-03,android,low,OTHER,meta_ads
u000599,2026-09-02,android,high,KR,organic
u000600,2026-09-05,ios,high,KR,meta_ads
u000601,2026-09-06,android,low,KR,organic
u000602,2026-09-06,android,low,US,meta_ads
u000603,2026-08-19,ios,mid,KR,google_ads
u000604,2026-08-18,android,high,JP,organic
u000605,2026-09-05,android,high,KR,organic
u000606,2026-08-28,ios,mid,KR,meta_ads
u000607,2026-08-28,android,mid,KR,organic
u000608,2026-08-26,android,mid,US,meta_ads
u000609,2026-09-03,android,mid,KR,tiktok_ads
u000610,2026-08-26,ios,high,KR,organic
u000611,2026-08-27,android,mid,KR,tiktok_ads
u000612,2026-08-16,android,mid,KR,organic
u000613,2026-09-04,android,mid,JP,tiktok_ads
u000614,2026-09-03,ios,mid,KR,google_ads
u000615,2026-08-16,android,mid,TW,meta_ads
u000616,2026-09-05,android,low,KR,organic
u000617,2026-08-17,android,mid,KR,organic
u000618,2026-08-26,ios,low,JP,organic
u000619,2026-08-21,android,low,JP,tiktok_ads
u000620,2026-08-25,android,low,KR,organic
u000621,2026-08-18,ios,high,KR,google_ads
u000622,2026-09-03,android,high,KR,tiktok_ads
u000623,2026-09-03,android,high,US,organic
u000624,2026-08-19,android,high,US,organic
u000625,2026-08-21,ios,high,OTHER,organic
u000626,2026-08-18,ios,mid,KR,organic
u000627,2026-09-03,android,low,JP,google_ads
u000628,2026-09-06,ios,mid,OTHER,tiktok_ads
u000629,2026-08-29,ios,mid,US,organic
u000630,2026-08-18,ios,low,US,organic
u000631,2026-08-20,android,low,JP,organic
u000632,2026-08-31,android,mid,TW,meta_ads
u000633,2026-09-06,android,high,KR,google_ads
u000634,2026-08-27,android,low,US,organic
u000635,2026-08-19,ios,low,KR,google_ads
u000636,2026-08-21,ios,high,KR,meta_ads
u000637,2026-09-06,ios,mid,KR,tiktok_ads
u000638,2026-08-25,ios,mid,KR,tiktok_ads
u000639,2026-08-26,ios,high,OTHER,google_ads
u000640,2026-08-29,android,low,JP,tiktok_ads
u000641,2026-09-05,android,low,KR,meta_ads
u000642,2026-09-04,ios,mid,JP,organic
u000643,2026-08-19,ios,high,US,meta_ads
u000644,2026-08-20,ios,high,KR,google_ads
u000645,2026-09-05,android,low,TW,organic
u000646,2026-08-15,ios,high,KR,google_ads
u000647,2026-08-20,android,low,KR,tiktok_ads
u000648,2026-08-25,android,mid,KR,google_ads
u000649,2026-08-24,android,mid,KR,cross_promo
u000650,2026-09-03,ios,high,KR,meta_ads
u000651,2026-08-29,ios,high,TW,organic
u000652,2026-09-04,android,low,KR,google_ads
u000653,2026-08-31,android,low,KR,google_ads
u000654,2026-09-01,ios,high,OTHER,meta_ads
u000655,2026-08-21,ios,mid,KR,tiktok_ads
u000656,2026-08-19,android,low,KR,cross_promo
u000657,2026-08-15,ios,mid,US,tiktok_ads
u000658,2026-09-05,ios,high,JP,meta_ads
u000659,2026-08-19,android,mid,KR,meta_ads
u000660,2026-08-24,android,low,JP,google_ads
u000661,2026-09-05,ios,low,KR,meta_ads
u000662,2026-08-23,ios,mid,KR,organic
u000663,2026-08-15,android,high,KR,organic
u000664,2026-08-19,android,low,KR,google_ads
u000665,2026-08-17,android,high,US,google_ads
u000666,2026-08-15,android,high,KR,organic
u000667,2026-09-02,android,high,KR,google_ads
u000668,2026-08-21,android,low,JP,organic
u000669,2026-08-30,ios,high,JP,organic
u000670,2026-08-24,android,high,KR,meta_ads
u000671,2026-08-27,android,low,TW,organic
u000672,2026-09-02,ios,mid,JP,google_ads
u000673,2026-08-31,android,mid,JP,organic
u000674,2026-08-26,android,high,JP,tiktok_ads
u000675,2026-08-23,android,high,KR,meta_ads
u000676,2026-08-23,ios,mid,US,meta_ads
u000677,2026-08-23,android,high,OTHER,organic
u000678,2026-08-17,android,mid,US,organic
u000679,2026-08-20,android,high,US,organic
u000680,2026-08-22,ios,mid,JP,organic
u000681,2026-09-01,ios,low,KR,google_ads
u000682,2026-08-22,android,low,TW,google_ads
u000683,2026-09-06,android,low,KR,meta_ads
u000684,2026-08-27,android,mid,KR,meta_ads
u000685,2026-08-31,ios,high,US,organic
u000686,2026-09-01,android,high,KR,google_ads
u000687,2026-09-02,android,mid,OTHER,organic
u000688,2026-08-24,android,low,KR,google_ads
u000689,2026-08-20,android,high,KR,tiktok_ads
u000690,2026-08-18,ios,high,US,tiktok_ads
u000691,2026-08-28,ios,mid,KR,meta_ads
u000692,2026-08-15,android,low,KR,organic
u000693,2026-08-31,ios,mid,KR,cross_promo
u000694,2026-08-19,android,mid,KR,organic
u000695,2026-08-16,ios,high,KR,google_ads
u000696,2026-08-24,android,low,KR,meta_ads
u000697,2026-08-22,android,low,KR,meta_ads
u000698,2026-08-27,android,low,KR,tiktok_ads
u000699,2026-08-18,android,low,KR,google_ads
u000700,2026-09-03,android,high,KR,organic
u000701,2026-08-23,android,mid,KR,google_ads
u000702,2026-08-25,ios,high,KR,cross_promo
u000703,2026-09-05,android,high,KR,tiktok_ads
u000704,2026-08-15,android,high,TW,google_ads
u000705,2026-08-30,android,low,KR,meta_ads
u000706,2026-08-16,ios,low,KR,organic
u000707,2026-08-17,android,high,TW,tiktok_ads
u000708,2026-08-17,ios,low,OTHER,google_ads
u000709,2026-09-06,ios,high,KR,meta_ads
u000710,2026-08-16,android,low,KR,organic
u000711,2026-08-25,android,low,JP,meta_ads
u000712,2026-09-02,ios,high,KR,meta_ads
u000713,2026-08-26,ios,high,KR,google_ads
u000714,2026-08-28,ios,mid,KR,meta_ads
u000715,2026-09-04,android,mid,KR,cross_promo
u000716,2026-08-29,android,mid,KR,organic
u000717,2026-09-03,ios,high,KR,tiktok_ads
u000718,2026-09-01,ios,mid,OTHER,organic
u000719,2026-09-04,android,high,US,google_ads
u000720,2026-08-27,android,high,OTHER,organic
u000721,2026-08-20,ios,mid,TW,meta_ads
u000722,2026-09-06,ios,high,OTHER,organic
u000723,2026-08-31,ios,high,KR,organic
u000724,2026-08-22,ios,high,KR,tiktok_ads
u000725,2026-08-21,android,mid,JP,tiktok_ads
u000726,2026-09-01,ios,mid,KR,tiktok_ads
u000727,2026-08-19,ios,high,US,organic
u000728,2026-08-26,android,low,KR,meta_ads
u000729,2026-08-15,android,low,KR,organic
u000730,2026-08-16,ios,mid,KR,tiktok_ads
u000731,2026-08-19,android,high,TW,google_ads
u000732,2026-08-27,android,low,KR,organic
u000733,2026-09-01,android,high,JP,organic
u000734,2026-08-31,ios,mid,KR,organic
u000735,2026-09-06,android,low,KR,organic
u000736,2026-09-02,ios,high,KR,google_ads
u000737,2026-09-05,android,low,KR,meta_ads
u000738,2026-08-31,ios,high,KR,organic
u000739,2026-09-02,android,low,KR,organic
u000740,2026-08-19,ios,mid,KR,google_ads
u000741,2026-08-15,android,mid,KR,google_ads
u000742,2026-08-15,ios,low,JP,tiktok_ads
u000743,2026-09-01,ios,mid,JP,organic
u000744,2026-08-15,android,low,OTHER,organic
u000745,2026-08-22,android,mid,JP,google_ads
u000746,2026-08-17,ios,mid,US,organic
u000747,2026-08-31,ios,low,US,organic
u000748,2026-08-29,ios,low,KR,meta_ads
u000749,2026-08-24,android,mid,US,google_ads
u000750,2026-08-15,ios,low,OTHER,meta_ads
u000751,2026-08-24,ios,mid,KR,tiktok_ads
u000752,2026-09-03,android,high,KR,organic
u000753,2026-09-06,android,mid,KR,organic
u000754,2026-08-18,android,mid,US,meta_ads
u000755,2026-08-16,android,mid,US,meta_ads
u000756,2026-08-20,ios,mid,KR,organic
u000757,2026-08-15,android,mid,JP,google_ads
u000758,2026-09-03,android,low,TW,meta_ads
u000759,2026-08-19,ios,mid,KR,google_ads
u000760,2026-08-25,android,high,OTHER,meta_ads
u000761,2026-08-30,ios,mid,JP,organic
u000762,2026-08-15,ios,high,OTHER,organic
u000763,2026-08-30,android,mid,KR,meta_ads
u000764,2026-08-18,android,low,TW,meta_ads
u000765,2026-08-20,android,mid,JP,organic
u000766,2026-08-22,android,mid,KR,tiktok_ads
u000767,2026-08-31,android,low,KR,tiktok_ads
u000768,2026-09-03,ios,mid,TW,cross_promo
u000769,2026-08-30,ios,high,JP,organic
u000770,2026-09-05,android,mid,KR,organic
u000771,2026-08-18,android,mid,OTHER,google_ads
u000772,2026-08-20,android,mid,OTHER,google_ads
u000773,2026-09-06,ios,high,KR,meta_ads
u000774,2026-09-04,ios,low,JP,tiktok_ads
u000775,2026-08-21,android,low,KR,tiktok_ads
u000776,2026-08-21,android,mid,KR,google_ads
u000777,2026-08-31,android,mid,TW,google_ads
u000778,2026-09-01,android,mid,TW,tiktok_ads
u000779,2026-09-03,android,low,US,meta_ads
u000780,2026-08-16,android,low,TW,cross_promo
u000781,2026-08-20,android,low,TW,google_ads
u000782,2026-09-02,ios,mid,KR,meta_ads
u000783,2026-08-29,ios,mid,US,google_ads
u000784,2026-08-24,android,mid,KR,meta_ads
u000785,2026-09-01,ios,mid,KR,cross_promo
u000786,2026-08-20,android,low,KR,organic
u000787,2026-08-24,ios,high,KR,cross_promo
u000788,2026-08-25,android,low,KR,google_ads
u000789,2026-08-30,android,high,KR,meta_ads
u000790,2026-08-26,ios,high,KR,organic
u000791,2026-08-21,ios,low,US,google_ads
u000792,2026-08-20,android,mid,TW,meta_ads
u000793,2026-08-18,android,mid,JP,google_ads
u000794,2026-08-29,android,mid,KR,meta_ads
u000795,2026-08-28,ios,mid,KR,google_ads
u000796,2026-09-06,android,mid,KR,meta_ads
u000797,2026-09-01,android,mid,KR,tiktok_ads
u000798,2026-09-05,android,high,US,organic
u000799,2026-08-19,ios,high,US,organic
u000800,2026-08-26,android,high,TW,google_ads
u000801,2026-08-30,ios,mid,US,organic
u000802,2026-08-31,android,mid,US,meta_ads
u000803,2026-08-21,android,mid,KR,organic
u000804,2026-08-26,android,mid,KR,tiktok_ads
u000805,2026-08-21,android,low,TW,organic
u000806,2026-08-21,ios,low,KR,tiktok_ads
u000807,2026-08-17,android,low,KR,google_ads
u000808,2026-08-25,android,mid,KR,cross_promo
u000809,2026-08-15,ios,mid,KR,google_ads
u000810,2026-08-20,android,high,KR,google_ads
u000811,2026-08-24,android,high,US,meta_ads
u000812,2026-08-16,ios,mid,KR,meta_ads
u000813,2026-09-03,android,mid,KR,cross_promo
u000814,2026-08-28,android,mid,KR,meta_ads
u000815,2026-08-17,android,high,US,organic
u000816,2026-08-25,android,mid,US,cross_promo
u000817,2026-08-20,android,mid,KR,organic
u000818,2026-09-05,android,mid,JP,organic
u000819,2026-09-03,android,low,US,tiktok_ads
u000820,2026-08-21,android,high,KR,meta_ads
u000821,2026-08-16,android,high,KR,organic
u000822,2026-08-23,android,high,KR,google_ads
u000823,2026-08-27,ios,mid,KR,cross_promo
u000824,2026-08-26,android,low,KR,organic
u000825,2026-09-03,android,high,KR,google_ads
u000826,2026-08-28,android,low,KR,google_ads
u000827,2026-08-18,android,low,JP,tiktok_ads
u000828,2026-08-23,android,low,KR,meta_ads
u000829,2026-08-22,android,low,KR,meta_ads
u000830,2026-09-01,android,mid,KR,google_ads
u000831,2026-08-20,ios,mid,KR,meta_ads
u000832,2026-09-06,ios,mid,US,cross_promo
u000833,2026-09-06,ios,low,TW,cross_promo
u000834,2026-08-27,android,low,KR,meta_ads
u000835,2026-08-18,android,low,OTHER,meta_ads
u000836,2026-08-17,android,mid,US,google_ads
u000837,2026-08-31,ios,mid,KR,organic
u000838,2026-08-27,ios,mid,US,organic
u000839,2026-08-31,android,low,JP,tiktok_ads
u000840,2026-08-31,android,low,TW,google_ads
u000841,2026-08-30,android,high,KR,google_ads
u000842,2026-08-22,android,mid,KR,tiktok_ads
u000843,2026-08-15,android,low,OTHER,meta_ads
u000844,2026-08-31,ios,mid,OTHER,meta_ads
u000845,2026-08-27,android,low,KR,cross_promo
u000846,2026-08-19,android,mid,KR,tiktok_ads
u000847,2026-09-01,android,mid,TW,google_ads
u000848,2026-09-06,ios,mid,KR,organic
u000849,2026-08-31,ios,mid,KR,meta_ads
u000850,2026-08-22,ios,mid,US,tiktok_ads
u000851,2026-08-28,android,high,KR,tiktok_ads
u000852,2026-08-27,android,high,KR,tiktok_ads
u000853,2026-08-18,android,mid,KR,meta_ads
u000854,2026-08-29,android,mid,KR,tiktok_ads
u000855,2026-09-06,android,high,US,tiktok_ads
u000856,2026-08-21,android,low,TW,meta_ads
u000857,2026-08-16,ios,mid,KR,google_ads
u000858,2026-08-29,ios,high,KR,organic
u000859,2026-08-27,android,low,US,meta_ads
u000860,2026-08-31,android,mid,JP,google_ads
u000861,2026-08-17,ios,high,KR,tiktok_ads
u000862,2026-08-24,ios,high,KR,tiktok_ads
u000863,2026-08-30,ios,high,TW,google_ads
u000864,2026-08-19,android,mid,KR,cross_promo
u000865,2026-08-18,android,low,JP,meta_ads
u000866,2026-09-01,ios,low,KR,organic
u000867,2026-09-04,ios,mid,KR,google_ads
u000868,2026-09-03,android,high,KR,meta_ads
u000869,2026-08-31,android,low,KR,organic
u000870,2026-08-23,android,low,TW,meta_ads
u000871,2026-09-03,ios,mid,KR,cross_promo
u000872,2026-08-19,android,high,KR,meta_ads
u000873,2026-08-15,android,mid,JP,cross_promo
u000874,2026-08-17,ios,mid,OTHER,meta_ads
u000875,2026-09-05,android,low,KR,meta_ads
u000876,2026-08-27,android,low,JP,meta_ads
u000877,2026-08-20,ios,mid,KR,organic
u000878,2026-08-31,ios,mid,KR,cross_promo
u000879,2026-08-19,ios,high,TW,organic
u000880,2026-08-17,ios,mid,KR,google_ads
u000881,2026-08-26,android,high,KR,tiktok_ads
u000882,2026-08-20,android,low,KR,google_ads
u000883,2026-08-22,android,mid,KR,organic
u000884,2026-09-04,android,mid,KR,tiktok_ads
u000885,2026-08-27,ios,high,KR,cross_promo
u000886,2026-08-21,ios,mid,US,meta_ads
u000887,2026-08-17,android,high,KR,meta_ads
u000888,2026-08-30,android,high,US,meta_ads
u000889,2026-08-26,android,low,KR,google_ads
u000890,2026-08-24,android,low,KR,google_ads
u000891,2026-08-24,android,low,KR,google_ads
u000892,2026-08-28,android,high,KR,organic
u000893,2026-08-17,ios,mid,KR,meta_ads
u000894,2026-09-06,android,low,JP,meta_ads
u000895,2026-08-22,ios,mid,JP,meta_ads
u000896,2026-08-21,android,low,JP,organic
u000897,2026-09-05,android,low,KR,organic
u000898,2026-09-06,android,mid,OTHER,organic
u000899,2026-08-20,ios,high,KR,meta_ads
u000900,2026-08-29,android,low,KR,tiktok_ads
u000901,2026-08-26,android,low,US,tiktok_ads
u000902,2026-08-20,android,low,JP,meta_ads
u000903,2026-08-20,ios,high,KR,meta_ads
u000904,2026-09-03,ios,high,OTHER,meta_ads
u000905,2026-08-18,android,mid,KR,tiktok_ads
u000906,2026-08-18,ios,mid,OTHER,organic
u000907,2026-09-04,android,mid,US,cross_promo
u000908,2026-08-19,android,low,KR,organic
u000909,2026-08-24,android,low,KR,tiktok_ads
u000910,2026-08-21,android,mid,KR,organic
u000911,2026-09-03,android,low,KR,tiktok_ads
u000912,2026-09-02,ios,high,JP,organic
u000913,2026-08-25,android,high,JP,cross_promo
u000914,2026-09-01,ios,mid,TW,organic
u000915,2026-09-06,ios,mid,OTHER,tiktok_ads
u000916,2026-08-26,android,mid,TW,meta_ads
u000917,2026-08-31,android,low,TW,meta_ads
u000918,2026-08-20,android,low,KR,cross_promo
u000919,2026-08-17,android,mid,KR,tiktok_ads
u000920,2026-08-18,android,mid,KR,meta_ads
u000921,2026-08-29,android,low,KR,cross_promo
u000922,2026-08-24,android,low,JP,organic
u000923,2026-08-30,android,high,KR,meta_ads
u000924,2026-08-20,ios,mid,KR,tiktok_ads
u000925,2026-09-03,android,low,US,organic
u000926,2026-08-17,android,mid,TW,google_ads
u000927,2026-08-31,ios,high,KR,google_ads
u000928,2026-09-02,android,mid,JP,meta_ads
u000929,2026-08-23,android,low,TW,meta_ads
u000930,2026-08-26,ios,mid,KR,meta_ads
u000931,2026-08-30,android,mid,OTHER,google_ads
u000932,2026-08-18,ios,high,KR,tiktok_ads
u000933,2026-08-19,ios,high,US,google_ads
u000934,2026-08-19,ios,mid,KR,organic
u000935,2026-08-22,android,mid,KR,organic
u000936,2026-08-28,ios,mid,KR,organic
u000937,2026-09-02,ios,mid,KR,cross_promo
u000938,2026-09-02,android,mid,US,organic
u000939,2026-09-05,android,low,KR,organic
u000940,2026-08-27,android,low,KR,tiktok_ads
u000941,2026-08-19,ios,mid,KR,google_ads
u000942,2026-09-03,android,mid,US,cross_promo
u000943,2026-09-05,android,low,KR,tiktok_ads
u000944,2026-08-21,android,high,JP,meta_ads
u000945,2026-08-21,ios,high,OTHER,google_ads
u000946,2026-08-31,android,mid,KR,tiktok_ads
u000947,2026-09-01,ios,low,KR,organic
u000948,2026-09-06,ios,mid,KR,google_ads
u000949,2026-08-31,ios,mid,KR,google_ads
u000950,2026-09-03,android,high,KR,meta_ads
u000951,2026-09-02,ios,mid,KR,google_ads
u000952,2026-09-05,android,low,KR,organic
u000953,2026-09-03,ios,high,JP,google_ads
u000954,2026-08-25,ios,high,JP,organic
u000955,2026-08-23,android,mid,JP,tiktok_ads
u000956,2026-09-04,android,low,KR,organic
u000957,2026-09-05,ios,high,JP,meta_ads
u000958,2026-08-30,android,high,TW,meta_ads
u000959,2026-08-16,ios,mid,JP,meta_ads
u000960,2026-08-25,ios,mid,KR,tiktok_ads
u000961,2026-08-15,android,low,US,organic
u000962,2026-08-15,android,low,TW,google_ads
u000963,2026-09-03,android,mid,OTHER,organic
u000964,2026-09-04,android,low,KR,organic
u000965,2026-08-22,android,mid,JP,organic
u000966,2026-08-17,android,low,KR,meta_ads
u000967,2026-08-30,android,mid,JP,google_ads
u000968,2026-08-16,ios,low,KR,meta_ads
u000969,2026-09-04,android,mid,JP,meta_ads
u000970,2026-09-04,android,mid,TW,google_ads
u000971,2026-08-23,android,low,JP,meta_ads
u000972,2026-08-15,android,low,TW,meta_ads
u000973,2026-08-17,android,mid,US,google_ads
u000974,2026-08-26,android,low,KR,meta_ads
u000975,2026-08-15,android,high,US,google_ads
u000976,2026-09-06,android,mid,KR,meta_ads
u000977,2026-08-20,ios,high,KR,organic
u000978,2026-09-06,android,low,US,cross_promo
u000979,2026-09-06,ios,mid,OTHER,google_ads
u000980,2026-08-16,ios,mid,KR,tiktok_ads
u000981,2026-08-31,ios,high,TW,google_ads
u000982,2026-08-20,ios,high,KR,google_ads
u000983,2026-09-05,android,low,JP,tiktok_ads
u000984,2026-08-31,ios,mid,TW,tiktok_ads
u000985,2026-08-16,android,high,KR,meta_ads
u000986,2026-08-22,android,mid,KR,organic
u000987,2026-08-24,android,low,JP,meta_ads
u000988,2026-08-21,android,high,JP,google_ads
u000989,2026-09-04,android,low,KR,organic
u000990,2026-08-16,android,mid,KR,cross_promo
u000991,2026-08-21,android,low,KR,cross_promo
u000992,2026-08-19,android,mid,KR,organic
u000993,2026-08-22,ios,high,KR,organic
u000994,2026-08-29,android,low,JP,organic
u000995,2026-08-19,android,low,KR,google_ads
u000996,2026-08-30,android,mid,TW,google_ads
u000997,2026-09-02,android,low,KR,organic
u000998,2026-08-17,android,low,OTHER,google_ads
u000999,2026-08-28,android,mid,US,google_ads
u001000,2026-08-30,android,mid,US,tiktok_ads
u001001,2026-09-05,android,mid,KR,tiktok_ads
u001002,2026-08-27,ios,mid,KR,google_ads
u001003,2026-08-26,ios,mid,KR,organic
u001004,2026-08-31,ios,high,TW,cross_promo
u001005,2026-08-25,android,mid,JP,google_ads
u001006,2026-08-19,ios,high,US,meta_ads
u001007,2026-09-05,android,low,US,google_ads
u001008,2026-09-01,android,high,KR,meta_ads
u001009,2026-08-25,ios,high,US,meta_ads
u001010,2026-09-05,android,low,KR,organic
u001011,2026-08-17,android,low,US,meta_ads
u001012,2026-08-16,ios,high,KR,google_ads
u001013,2026-08-22,android,low,KR,meta_ads
u001014,2026-08-26,android,mid,KR,tiktok_ads
u001015,2026-08-15,ios,mid,KR,organic
u001016,2026-09-05,android,mid,KR,google_ads
u001017,2026-08-17,android,high,KR,organic
u001018,2026-08-22,android,high,KR,google_ads
u001019,2026-08-15,android,mid,KR,google_ads
u001020,2026-09-02,android,low,US,google_ads
u001021,2026-08-29,ios,high,KR,meta_ads
u001022,2026-09-04,ios,mid,KR,tiktok_ads
u001023,2026-08-29,android,low,KR,meta_ads
u001024,2026-08-20,android,mid,OTHER,google_ads
u001025,2026-08-25,android,high,KR,meta_ads
u001026,2026-08-29,android,high,OTHER,meta_ads
u001027,2026-08-23,ios,mid,KR,tiktok_ads
u001028,2026-08-27,ios,mid,TW,meta_ads
u001029,2026-08-15,android,low,OTHER,tiktok_ads
u001030,2026-08-26,android,mid,TW,google_ads
u001031,2026-08-29,ios,mid,JP,tiktok_ads
u001032,2026-08-29,ios,mid,US,cross_promo
u001033,2026-08-16,android,mid,KR,meta_ads
u001034,2026-08-22,ios,high,OTHER,organic
u001035,2026-08-30,android,high,KR,google_ads
u001036,2026-08-28,android,low,KR,organic
u001037,2026-08-28,ios,mid,KR,tiktok_ads
u001038,2026-08-23,android,high,KR,organic
u001039,2026-08-21,android,mid,JP,meta_ads
u001040,2026-08-19,android,low,KR,meta_ads
u001041,2026-08-18,android,mid,KR,google_ads
u001042,2026-08-24,ios,mid,KR,meta_ads
u001043,2026-08-19,ios,high,KR,meta_ads
u001044,2026-08-19,android,mid,US,google_ads
u001045,2026-08-20,android,mid,KR,meta_ads
u001046,2026-08-31,android,mid,KR,tiktok_ads
u001047,2026-08-29,android,high,KR,organic
u001048,2026-09-04,ios,high,KR,google_ads
u001049,2026-08-20,android,mid,KR,tiktok_ads
u001050,2026-09-03,android,high,KR,meta_ads
u001051,2026-08-31,android,low,JP,google_ads
u001052,2026-08-29,android,low,JP,google_ads
u001053,2026-08-22,ios,high,KR,google_ads
u001054,2026-09-06,android,high,KR,google_ads
u001055,2026-08-21,android,mid,OTHER,organic
u001056,2026-08-26,android,mid,KR,google_ads
u001057,2026-08-22,ios,mid,US,tiktok_ads
u001058,2026-08-22,android,mid,JP,tiktok_ads
u001059,2026-08-16,android,low,US,cross_promo
u001060,2026-08-29,android,mid,KR,google_ads
u001061,2026-08-20,android,mid,KR,organic
u001062,2026-09-02,android,high,KR,meta_ads
u001063,2026-08-18,ios,mid,US,google_ads
u001064,2026-08-27,android,mid,KR,organic
u001065,2026-09-01,ios,mid,KR,organic
u001066,2026-09-02,android,low,KR,organic
u001067,2026-08-30,ios,low,KR,organic
u001068,2026-09-04,android,mid,KR,organic
u001069,2026-08-24,android,low,US,meta_ads
u001070,2026-08-25,android,mid,KR,google_ads
u001071,2026-08-22,ios,high,KR,organic
u001072,2026-08-22,ios,mid,US,organic
u001073,2026-08-22,android,low,US,cross_promo
u001074,2026-08-26,ios,mid,US,meta_ads
u001075,2026-09-06,android,low,TW,organic
u001076,2026-08-16,android,low,KR,meta_ads
u001077,2026-08-20,ios,mid,KR,meta_ads
u001078,2026-09-06,android,high,KR,tiktok_ads
u001079,2026-08-31,android,low,KR,tiktok_ads
u001080,2026-08-17,android,low,KR,google_ads
u001081,2026-08-26,android,low,US,organic
u001082,2026-08-29,android,mid,US,organic
u001083,2026-08-23,ios,high,KR,meta_ads
u001084,2026-08-22,android,high,KR,tiktok_ads
u001085,2026-08-27,android,mid,JP,organic
u001086,2026-09-02,android,mid,KR,google_ads
u001087,2026-09-04,ios,mid,KR,organic
u001088,2026-08-18,ios,mid,KR,organic
u001089,2026-08-25,ios,mid,JP,meta_ads
u001090,2026-08-22,android,low,OTHER,organic
u001091,2026-09-01,ios,high,JP,cross_promo
u001092,2026-09-03,android,low,OTHER,cross_promo
u001093,2026-08-21,ios,low,KR,tiktok_ads
u001094,2026-09-01,android,low,KR,organic
u001095,2026-08-26,android,low,JP,organic
u001096,2026-08-22,ios,high,KR,organic
u001097,2026-09-03,ios,mid,JP,cross_promo
u001098,2026-09-04,ios,high,KR,organic
u001099,2026-09-03,ios,high,US,meta_ads
u001100,2026-09-04,ios,high,KR,tiktok_ads
u001101,2026-09-02,android,low,KR,organic
u001102,2026-08-22,android,mid,JP,organic
u001103,2026-08-17,ios,mid,US,meta_ads
u001104,2026-08-24,android,low,OTHER,organic
u001105,2026-08-18,ios,mid,TW,tiktok_ads
u001106,2026-08-31,ios,low,KR,meta_ads
u001107,2026-08-21,android,mid,KR,cross_promo
u001108,2026-08-22,android,low,KR,organic
u001109,2026-08-20,ios,mid,TW,cross_promo
u001110,2026-08-19,android,low,US,organic
u001111,2026-08-30,android,low,US,google_ads
u001112,2026-08-15,ios,mid,OTHER,organic
u001113,2026-09-01,ios,low,KR,organic
u001114,2026-08-21,android,low,KR,meta_ads
u001115,2026-09-05,ios,high,KR,tiktok_ads
u001116,2026-08-31,ios,mid,OTHER,meta_ads
u001117,2026-08-16,android,mid,OTHER,organic
u001118,2026-09-06,ios,high,OTHER,tiktok_ads
u001119,2026-09-02,android,low,KR,meta_ads
u001120,2026-09-02,android,high,JP,organic
u001121,2026-09-05,android,low,KR,meta_ads
u001122,2026-08-28,android,mid,KR,organic
u001123,2026-08-19,ios,high,KR,tiktok_ads
u001124,2026-08-26,android,low,KR,meta_ads
u001125,2026-08-15,android,mid,US,meta_ads
u001126,2026-08-16,ios,mid,JP,organic
u001127,2026-08-16,ios,mid,KR,organic
u001128,2026-08-24,android,high,OTHER,organic
u001129,2026-08-19,ios,mid,KR,meta_ads
u001130,2026-09-02,android,mid,KR,tiktok_ads
u001131,2026-08-27,android,low,KR,organic
u001132,2026-08-20,ios,low,KR,tiktok_ads
u001133,2026-08-15,android,mid,KR,meta_ads
u001134,2026-08-28,ios,high,KR,tiktok_ads
u001135,2026-08-17,android,low,KR,meta_ads
u001136,2026-08-26,ios,mid,KR,meta_ads
u001137,2026-08-21,android,high,TW,organic
u001138,2026-08-27,android,mid,OTHER,cross_promo
u001139,2026-08-27,android,high,KR,cross_promo
u001140,2026-08-22,android,mid,JP,organic
u001141,2026-09-02,android,mid,KR,meta_ads
u001142,2026-08-22,android,low,TW,meta_ads
u001143,2026-08-29,android,low,TW,tiktok_ads
u001144,2026-08-31,android,mid,KR,organic
u001145,2026-08-29,ios,high,KR,organic
u001146,2026-08-25,android,mid,KR,cross_promo
u001147,2026-09-04,ios,low,TW,organic
u001148,2026-08-30,ios,mid,OTHER,meta_ads
u001149,2026-08-25,ios,mid,KR,organic
u001150,2026-08-19,android,mid,OTHER,meta_ads
u001151,2026-08-16,android,low,KR,organic
u001152,2026-09-04,android,high,KR,meta_ads
u001153,2026-08-31,ios,low,US,google_ads
u001154,2026-08-15,android,high,US,meta_ads
u001155,2026-08-16,android,low,US,organic
u001156,2026-08-29,android,high,KR,organic
u001157,2026-09-04,ios,mid,JP,meta_ads
u001158,2026-08-25,android,low,KR,organic
u001159,2026-08-15,ios,mid,US,meta_ads
u001160,2026-08-29,android,high,KR,tiktok_ads
u001161,2026-08-17,android,low,JP,google_ads
u001162,2026-09-01,ios,low,KR,google_ads
u001163,2026-08-18,android,high,US,tiktok_ads
u001164,2026-08-28,android,low,KR,organic
u001165,2026-08-21,android,low,KR,meta_ads
u001166,2026-08-26,ios,mid,KR,cross_promo
u001167,2026-09-01,android,mid,US,tiktok_ads
u001168,2026-09-04,android,mid,TW,meta_ads
u001169,2026-08-25,android,low,TW,organic
u001170,2026-08-26,android,high,US,google_ads
u001171,2026-08-22,android,mid,KR,tiktok_ads
u001172,2026-08-28,ios,high,US,google_ads
u001173,2026-08-19,ios,mid,KR,cross_promo
u001174,2026-08-25,ios,high,KR,google_ads
u001175,2026-08-19,android,low,KR,tiktok_ads
u001176,2026-08-21,ios,high,KR,google_ads
u001177,2026-08-15,ios,high,US,tiktok_ads
u001178,2026-09-04,ios,mid,KR,organic
u001179,2026-08-21,ios,low,KR,google_ads
u001180,2026-08-28,ios,high,JP,google_ads
u001181,2026-08-22,android,high,KR,organic
u001182,2026-09-03,ios,high,KR,organic
u001183,2026-08-25,ios,mid,US,tiktok_ads
u001184,2026-08-21,android,mid,JP,cross_promo
u001185,2026-08-18,android,mid,KR,tiktok_ads
u001186,2026-08-17,android,mid,KR,meta_ads
u001187,2026-08-24,ios,high,KR,meta_ads
u001188,2026-08-23,android,low,JP,meta_ads
u001189,2026-08-20,android,low,OTHER,organic
u001190,2026-09-02,android,high,KR,meta_ads
u001191,2026-08-31,android,high,JP,tiktok_ads
u001192,2026-08-19,ios,mid,KR,meta_ads
u001193,2026-08-31,ios,mid,KR,tiktok_ads
u001194,2026-08-15,android,low,JP,google_ads
u001195,2026-08-29,android,mid,US,organic
u001196,2026-08-29,ios,mid,JP,tiktok_ads
u001197,2026-09-02,ios,mid,OTHER,meta_ads
u001198,2026-09-04,ios,high,OTHER,tiktok_ads
u001199,2026-09-03,android,mid,KR,tiktok_ads
u001200,2026-09-03,ios,mid,JP,organic
u001201,2026-08-22,ios,mid,TW,tiktok_ads
u001202,2026-09-01,ios,mid,KR,google_ads
u001203,2026-08-20,android,mid,KR,google_ads
u001204,2026-08-25,android,high,KR,meta_ads
u001205,2026-08-16,android,mid,KR,organic
u001206,2026-08-18,ios,high,KR,google_ads
u001207,2026-08-19,ios,high,TW,organic
u001208,2026-08-20,android,mid,OTHER,google_ads
u001209,2026-08-27,ios,high,KR,tiktok_ads
u001210,2026-08-18,ios,mid,KR,cross_promo
u001211,2026-08-26,android,low,US,google_ads
u001212,2026-08-23,ios,high,KR,google_ads
u001213,2026-08-24,android,mid,US,meta_ads
u001214,2026-08-28,ios,high,KR,organic
u001215,2026-08-16,ios,high,JP,meta_ads
u001216,2026-09-05,android,low,KR,tiktok_ads
u001217,2026-08-17,android,mid,KR,tiktok_ads
u001218,2026-08-30,android,low,KR,meta_ads
u001219,2026-08-15,android,low,KR,cross_promo
u001220,2026-08-29,android,high,JP,google_ads
u001221,2026-08-21,ios,mid,KR,google_ads
u001222,2026-08-18,android,low,KR,cross_promo
u001223,2026-09-02,ios,mid,KR,google_ads
u001224,2026-08-30,android,mid,TW,tiktok_ads
u001225,2026-08-21,ios,mid,JP,google_ads
u001226,2026-09-02,ios,low,KR,organic
u001227,2026-08-15,android,low,JP,google_ads
u001228,2026-08-27,android,mid,TW,tiktok_ads
u001229,2026-08-20,android,mid,JP,meta_ads
u001230,2026-08-16,android,high,US,organic
u001231,2026-08-21,android,low,TW,tiktok_ads
u001232,2026-08-23,ios,high,KR,google_ads
u001233,2026-09-04,ios,mid,KR,organic
u001234,2026-09-06,android,mid,KR,meta_ads
u001235,2026-08-15,android,mid,OTHER,tiktok_ads
u001236,2026-08-17,android,mid,KR,cross_promo
u001237,2026-09-02,android,high,JP,meta_ads
u001238,2026-08-29,ios,mid,JP,meta_ads
u001239,2026-08-28,android,mid,KR,google_ads
u001240,2026-08-30,android,mid,KR,google_ads
u001241,2026-08-28,android,low,KR,organic
u001242,2026-08-15,android,low,US,organic
u001243,2026-08-17,android,mid,KR,organic
u001244,2026-08-31,android,high,KR,organic
u001245,2026-08-28,android,high,JP,cross_promo
u001246,2026-09-02,ios,mid,JP,meta_ads
u001247,2026-08-25,ios,low,KR,cross_promo
u001248,2026-08-18,ios,mid,JP,meta_ads
u001249,2026-08-31,ios,mid,TW,meta_ads
u001250,2026-09-02,android,high,US,meta_ads
u001251,2026-08-18,ios,high,JP,google_ads
u001252,2026-08-17,android,mid,KR,tiktok_ads
u001253,2026-08-28,ios,high,KR,meta_ads
u001254,2026-08-28,android,low,KR,meta_ads
u001255,2026-09-05,android,low,KR,cross_promo
u001256,2026-09-01,android,mid,KR,meta_ads
u001257,2026-08-15,android,low,KR,organic
u001258,2026-08-30,android,mid,KR,meta_ads
u001259,2026-08-25,android,low,KR,organic
u001260,2026-08-15,android,mid,KR,tiktok_ads
u001261,2026-08-20,android,mid,KR,meta_ads
u001262,2026-08-24,android,mid,KR,organic
u001263,2026-08-20,ios,mid,KR,google_ads
u001264,2026-08-16,ios,mid,US,tiktok_ads
u001265,2026-08-16,ios,high,TW,meta_ads
u001266,2026-09-01,android,low,JP,google_ads
u001267,2026-08-18,android,high,US,organic
u001268,2026-08-17,ios,high,JP,organic
u001269,2026-09-01,android,mid,JP,google_ads
u001270,2026-09-01,ios,high,TW,organic
u001271,2026-08-25,ios,mid,KR,organic
u001272,2026-08-25,ios,mid,KR,tiktok_ads
u001273,2026-08-24,android,low,OTHER,meta_ads
u001274,2026-08-26,android,mid,TW,organic
u001275,2026-08-25,ios,mid,KR,meta_ads
u001276,2026-08-19,ios,high,US,meta_ads
u001277,2026-08-30,ios,mid,OTHER,google_ads
u001278,2026-08-18,ios,mid,US,meta_ads
u001279,2026-09-06,android,low,US,google_ads
u001280,2026-09-03,ios,mid,US,meta_ads
u001281,2026-08-24,android,mid,JP,tiktok_ads
u001282,2026-08-25,android,mid,KR,tiktok_ads
u001283,2026-08-20,android,low,JP,google_ads
u001284,2026-08-24,android,mid,KR,organic
u001285,2026-08-18,ios,high,TW,meta_ads
u001286,2026-08-27,ios,high,KR,meta_ads
u001287,2026-08-15,android,mid,KR,meta_ads
u001288,2026-08-25,android,low,TW,organic
u001289,2026-08-29,ios,low,KR,google_ads
u001290,2026-09-04,android,low,KR,organic
u001291,2026-08-25,android,mid,KR,google_ads
u001292,2026-08-25,android,low,KR,google_ads
u001293,2026-08-17,ios,high,JP,meta_ads
u001294,2026-08-24,ios,high,KR,tiktok_ads
u001295,2026-09-03,ios,high,KR,meta_ads
u001296,2026-08-21,ios,mid,US,google_ads
u001297,2026-09-03,android,low,KR,organic
u001298,2026-08-20,ios,mid,KR,tiktok_ads
u001299,2026-08-31,android,low,TW,organic
u001300,2026-08-31,android,mid,KR,tiktok_ads
u001301,2026-08-24,ios,mid,OTHER,organic
u001302,2026-08-30,android,high,KR,organic
u001303,2026-09-06,android,mid,KR,organic
u001304,2026-08-28,android,low,OTHER,organic
u001305,2026-09-04,android,high,KR,tiktok_ads
u001306,2026-09-04,android,high,KR,cross_promo
u001307,2026-09-06,ios,high,US,meta_ads
u001308,2026-08-26,android,mid,KR,organic
u001309,2026-08-17,android,mid,KR,cross_promo
u001310,2026-08-19,android,low,KR,tiktok_ads
u001311,2026-08-26,android,low,TW,organic
u001312,2026-08-28,android,mid,TW,cross_promo
u001313,2026-08-25,android,high,KR,meta_ads
u001314,2026-08-17,ios,high,TW,tiktok_ads
u001315,2026-09-03,ios,low,US,google_ads
u001316,2026-09-04,ios,low,TW,organic
u001317,2026-08-31,android,high,KR,organic
u001318,2026-08-20,android,low,OTHER,google_ads
u001319,2026-09-03,ios,mid,KR,organic
u001320,2026-08-24,android,low,JP,google_ads
u001321,2026-08-28,android,mid,TW,organic
u001322,2026-08-24,android,mid,KR,meta_ads
u001323,2026-08-15,android,low,KR,organic
u001324,2026-08-17,android,mid,KR,organic
u001325,2026-08-27,ios,high,JP,tiktok_ads
u001326,2026-08-29,ios,mid,KR,tiktok_ads
u001327,2026-08-16,android,mid,TW,organic
u001328,2026-08-25,android,low,JP,meta_ads
u001329,2026-08-24,ios,mid,TW,google_ads
u001330,2026-09-03,android,low,US,google_ads
u001331,2026-08-21,android,mid,KR,google_ads
u001332,2026-09-06,ios,high,JP,tiktok_ads
u001333,2026-09-03,android,mid,KR,organic
u001334,2026-08-16,ios,high,KR,google_ads
u001335,2026-09-03,android,low,US,google_ads
u001336,2026-09-05,ios,low,KR,cross_promo
u001337,2026-09-04,android,low,US,tiktok_ads
u001338,2026-08-27,android,low,KR,organic
u001339,2026-08-31,android,low,KR,google_ads
u001340,2026-08-22,android,mid,US,organic
u001341,2026-08-25,android,mid,OTHER,organic
u001342,2026-08-17,ios,low,US,organic
u001343,2026-08-23,android,mid,OTHER,organic
u001344,2026-08-17,android,mid,OTHER,google_ads
u001345,2026-08-26,android,low,US,cross_promo
u001346,2026-08-30,ios,high,JP,tiktok_ads
u001347,2026-09-02,android,mid,JP,google_ads
u001348,2026-08-28,android,high,KR,tiktok_ads
u001349,2026-09-06,android,high,KR,organic
u001350,2026-09-01,android,low,US,tiktok_ads
u001351,2026-08-22,android,high,KR,organic
u001352,2026-08-24,ios,high,OTHER,google_ads
u001353,2026-08-30,android,mid,KR,google_ads
u001354,2026-08-28,android,mid,KR,meta_ads
u001355,2026-08-16,ios,mid,JP,meta_ads
u001356,2026-08-20,ios,high,KR,meta_ads
u001357,2026-09-02,android,high,JP,organic
u001358,2026-08-18,ios,high,KR,google_ads
u001359,2026-08-30,android,mid,KR,google_ads
u001360,2026-08-26,android,low,KR,organic
u001361,2026-08-30,android,low,KR,meta_ads
u001362,2026-08-31,android,mid,KR,meta_ads
u001363,2026-08-31,ios,high,KR,tiktok_ads
u001364,2026-08-31,android,low,KR,tiktok_ads
u001365,2026-09-04,ios,high,KR,google_ads
u001366,2026-09-04,android,mid,KR,google_ads
u001367,2026-08-15,android,low,OTHER,meta_ads
u001368,2026-08-15,android,low,US,organic
u001369,2026-08-22,ios,high,KR,google_ads
u001370,2026-08-26,android,mid,OTHER,tiktok_ads
u001371,2026-08-25,ios,mid,TW,google_ads
u001372,2026-08-27,android,low,KR,meta_ads
u001373,2026-08-26,android,low,KR,google_ads
u001374,2026-08-19,android,low,US,meta_ads
u001375,2026-09-01,android,low,KR,google_ads
u001376,2026-09-01,android,mid,US,organic
u001377,2026-09-02,android,low,US,meta_ads
u001378,2026-08-22,android,low,KR,google_ads
u001379,2026-09-05,android,high,OTHER,meta_ads
u001380,2026-09-03,android,high,US,cross_promo
u001381,2026-08-17,android,mid,KR,meta_ads
u001382,2026-09-04,android,low,KR,google_ads
u001383,2026-08-17,ios,mid,JP,tiktok_ads
u001384,2026-08-15,ios,mid,TW,tiktok_ads
u001385,2026-08-20,ios,high,KR,tiktok_ads
u001386,2026-08-18,ios,mid,JP,organic
u001387,2026-08-25,ios,mid,KR,organic
u001388,2026-08-17,android,mid,TW,tiktok_ads
u001389,2026-09-03,android,mid,US,google_ads
u001390,2026-09-03,android,low,TW,organic
u001391,2026-08-30,android,mid,JP,meta_ads
u001392,2026-08-21,ios,low,KR,organic
u001393,2026-08-20,android,low,TW,meta_ads
u001394,2026-08-17,ios,mid,OTHER,organic
u001395,2026-08-18,ios,low,TW,organic
u001396,2026-09-05,ios,high,KR,google_ads
u001397,2026-08-15,ios,high,KR,meta_ads
u001398,2026-08-25,android,low,KR,meta_ads
u001399,2026-08-28,ios,high,JP,organic
u001400,2026-08-16,ios,mid,KR,google_ads
u001401,2026-08-20,android,mid,JP,organic
u001402,2026-08-15,ios,high,KR,tiktok_ads
u001403,2026-08-19,ios,high,KR,organic
u001404,2026-08-23,android,mid,KR,organic
u001405,2026-08-30,android,low,KR,google_ads
u001406,2026-08-19,android,low,KR,tiktok_ads
u001407,2026-08-19,android,mid,KR,cross_promo
u001408,2026-09-01,ios,high,KR,organic
u001409,2026-08-23,android,high,JP,meta_ads
u001410,2026-08-26,android,mid,KR,organic
u001411,2026-09-04,ios,mid,KR,organic
u001412,2026-08-29,ios,high,US,meta_ads
u001413,2026-08-29,ios,high,JP,tiktok_ads
u001414,2026-08-29,android,low,OTHER,cross_promo
u001415,2026-08-15,android,mid,KR,organic
u001416,2026-08-29,ios,high,TW,meta_ads
u001417,2026-09-04,ios,mid,KR,meta_ads
u001418,2026-09-02,ios,mid,KR,meta_ads
u001419,2026-08-25,android,low,OTHER,meta_ads
u001420,2026-08-23,android,mid,KR,organic
u001421,2026-09-02,ios,high,TW,meta_ads
u001422,2026-08-23,ios,mid,KR,tiktok_ads
u001423,2026-09-04,ios,mid,KR,organic
u001424,2026-08-28,android,high,KR,tiktok_ads
u001425,2026-08-19,android,low,JP,tiktok_ads
u001426,2026-08-26,ios,mid,TW,meta_ads
u001427,2026-08-19,android,mid,KR,cross_promo
u001428,2026-08-22,android,high,JP,tiktok_ads
u001429,2026-09-02,android,mid,KR,google_ads
u001430,2026-08-19,android,mid,US,organic
u001431,2026-08-15,android,mid,KR,meta_ads
u001432,2026-09-05,android,low,JP,meta_ads
u001433,2026-08-20,android,low,KR,google_ads
u001434,2026-08-25,android,high,KR,meta_ads
u001435,2026-08-15,ios,mid,KR,meta_ads
u001436,2026-08-17,android,low,TW,organic
u001437,2026-08-17,android,low,US,tiktok_ads
u001438,2026-08-21,android,low,JP,google_ads
u001439,2026-08-21,android,mid,KR,google_ads
u001440,2026-08-28,ios,mid,KR,meta_ads
u001441,2026-09-01,android,low,TW,cross_promo
u001442,2026-08-17,ios,high,KR,google_ads
u001443,2026-08-28,ios,mid,KR,organic
u001444,2026-08-19,android,low,KR,google_ads
u001445,2026-08-18,android,low,TW,meta_ads
u001446,2026-08-15,android,high,KR,cross_promo
u001447,2026-08-18,ios,high,TW,meta_ads
u001448,2026-08-28,ios,mid,OTHER,google_ads
u001449,2026-09-05,android,mid,KR,tiktok_ads
u001450,2026-08-31,ios,mid,KR,meta_ads
u001451,2026-08-16,android,low,US,tiktok_ads
u001452,2026-09-02,android,mid,KR,tiktok_ads
u001453,2026-09-02,android,mid,KR,tiktok_ads
u001454,2026-08-27,android,high,US,organic
u001455,2026-08-29,android,high,US,google_ads
u001456,2026-09-04,android,mid,OTHER,organic
u001457,2026-09-06,ios,mid,JP,google_ads
u001458,2026-08-15,android,mid,US,organic
u001459,2026-08-19,android,mid,US,tiktok_ads
u001460,2026-08-22,android,mid,JP,organic
u001461,2026-08-16,ios,high,KR,organic
u001462,2026-08-23,ios,high,KR,organic
u001463,2026-08-17,android,mid,KR,organic
u001464,2026-08-15,android,high,KR,organic
u001465,2026-08-22,ios,high,KR,organic
u001466,2026-09-04,ios,low,US,meta_ads
u001467,2026-08-31,ios,low,OTHER,organic
u001468,2026-08-31,ios,mid,TW,organic
u001469,2026-09-05,ios,high,TW,organic
u001470,2026-08-18,ios,high,US,organic
u001471,2026-09-01,android,mid,TW,organic
u001472,2026-08-20,android,high,OTHER,google_ads
u001473,2026-08-19,ios,high,JP,organic
u001474,2026-09-02,android,mid,KR,google_ads
u001475,2026-08-27,android,mid,OTHER,organic
u001476,2026-08-18,android,mid,US,organic
u001477,2026-09-02,android,low,KR,organic
u001478,2026-08-19,ios,mid,US,cross_promo
u001479,2026-08-27,ios,mid,KR,organic
u001480,2026-08-15,ios,high,KR,organic
u001481,2026-08-20,ios,low,KR,google_ads
u001482,2026-08-25,ios,mid,OTHER,google_ads
u001483,2026-08-24,ios,high,OTHER,tiktok_ads
u001484,2026-08-21,android,low,TW,tiktok_ads
u001485,2026-08-22,android,high,KR,organic
u001486,2026-08-23,ios,mid,KR,google_ads
u001487,2026-08-25,android,mid,US,meta_ads
u001488,2026-08-27,android,high,KR,google_ads
u001489,2026-08-21,android,mid,TW,organic
u001490,2026-08-22,android,mid,KR,organic
u001491,2026-08-26,ios,mid,KR,organic
u001492,2026-08-27,android,low,KR,google_ads
u001493,2026-08-25,android,low,OTHER,cross_promo
u001494,2026-08-18,android,mid,OTHER,organic
u001495,2026-08-22,ios,mid,KR,organic
u001496,2026-08-15,ios,high,KR,organic
u001497,2026-08-18,android,mid,KR,tiktok_ads
u001498,2026-09-02,android,mid,KR,organic
u001499,2026-08-15,android,mid,US,organic
u001500,2026-09-02,android,mid,TW,cross_promo
u001501,2026-08-26,ios,mid,JP,organic
u001502,2026-08-19,android,mid,KR,google_ads
u001503,2026-08-27,android,low,KR,organic
u001504,2026-08-26,ios,mid,KR,organic
u001505,2026-08-30,android,low,KR,cross_promo
u001506,2026-08-19,android,mid,KR,organic
u001507,2026-08-22,android,high,JP,google_ads
u001508,2026-08-28,android,low,US,organic
u001509,2026-09-06,ios,high,OTHER,google_ads
u001510,2026-08-17,android,low,KR,meta_ads
u001511,2026-08-23,android,high,KR,organic
u001512,2026-08-20,android,low,KR,meta_ads
u001513,2026-08-29,android,low,KR,meta_ads
u001514,2026-08-19,ios,high,KR,tiktok_ads
u001515,2026-09-06,android,high,KR,organic
u001516,2026-08-19,ios,mid,KR,google_ads
u001517,2026-08-24,android,low,KR,google_ads
u001518,2026-09-01,android,mid,KR,meta_ads
u001519,2026-08-24,ios,high,KR,meta_ads
u001520,2026-08-26,android,mid,KR,organic
u001521,2026-09-04,android,mid,KR,organic
u001522,2026-08-22,android,mid,US,meta_ads
u001523,2026-09-03,android,high,KR,google_ads
u001524,2026-08-30,android,mid,KR,google_ads
u001525,2026-08-18,ios,high,JP,organic
u001526,2026-08-31,android,mid,TW,organic
u001527,2026-08-22,ios,mid,KR,organic
u001528,2026-09-05,android,mid,KR,organic
u001529,2026-09-03,ios,mid,KR,organic
u001530,2026-08-24,android,mid,KR,organic
u001531,2026-08-23,android,low,KR,google_ads
u001532,2026-08-24,android,low,KR,organic
u001533,2026-08-16,android,high,US,cross_promo
u001534,2026-08-21,ios,high,KR,meta_ads
u001535,2026-09-04,android,low,JP,tiktok_ads
u001536,2026-08-28,android,mid,KR,organic
u001537,2026-08-18,android,mid,JP,organic
u001538,2026-09-01,android,high,OTHER,meta_ads
u001539,2026-09-06,ios,mid,TW,organic
u001540,2026-09-06,android,low,TW,cross_promo
u001541,2026-08-29,android,low,JP,organic
u001542,2026-08-24,ios,mid,KR,meta_ads
u001543,2026-08-27,android,low,KR,meta_ads
u001544,2026-09-06,android,high,KR,tiktok_ads
u001545,2026-08-18,ios,mid,TW,meta_ads
u001546,2026-08-30,android,low,JP,meta_ads
u001547,2026-08-31,android,low,OTHER,meta_ads
u001548,2026-08-16,ios,high,KR,tiktok_ads
u001549,2026-08-29,android,low,OTHER,organic
u001550,2026-08-21,android,low,KR,meta_ads
u001551,2026-09-03,ios,low,KR,organic
u001552,2026-08-21,ios,high,OTHER,tiktok_ads
u001553,2026-08-20,android,low,KR,organic
u001554,2026-08-15,android,high,US,cross_promo
u001555,2026-09-01,android,low,KR,organic
u001556,2026-08-22,ios,low,JP,organic
u001557,2026-08-16,ios,high,KR,google_ads
u001558,2026-08-30,ios,high,KR,meta_ads
u001559,2026-08-31,android,mid,KR,organic
u001560,2026-08-31,android,high,KR,google_ads
u001561,2026-08-24,android,mid,KR,google_ads
u001562,2026-08-22,ios,mid,US,meta_ads
u001563,2026-08-18,android,high,US,organic
u001564,2026-08-16,ios,mid,KR,organic
u001565,2026-08-26,android,low,KR,meta_ads
u001566,2026-08-23,android,low,OTHER,organic
u001567,2026-08-31,android,mid,KR,tiktok_ads
u001568,2026-08-23,android,mid,KR,google_ads
u001569,2026-08-24,ios,high,US,organic
u001570,2026-08-28,android,high,KR,google_ads
u001571,2026-09-04,android,low,KR,tiktok_ads
u001572,2026-08-21,android,high,US,meta_ads
u001573,2026-08-28,android,low,JP,organic
u001574,2026-08-25,android,low,KR,organic
u001575,2026-08-25,ios,mid,KR,google_ads
u001576,2026-08-19,android,low,KR,google_ads
u001577,2026-09-02,ios,high,KR,tiktok_ads
u001578,2026-09-03,android,mid,TW,cross_promo
u001579,2026-08-16,ios,high,KR,google_ads
u001580,2026-08-24,ios,low,US,organic
u001581,2026-08-25,ios,mid,KR,organic
u001582,2026-08-24,android,low,KR,google_ads
u001583,2026-09-06,ios,mid,TW,cross_promo
u001584,2026-08-28,android,low,KR,organic
u001585,2026-08-22,ios,high,US,organic
u001586,2026-09-02,android,low,KR,tiktok_ads
u001587,2026-09-05,android,low,JP,organic
u001588,2026-08-26,android,mid,TW,organic
u001589,2026-08-22,ios,mid,KR,organic
u001590,2026-08-18,ios,high,OTHER,organic
u001591,2026-09-05,ios,mid,KR,google_ads
u001592,2026-08-20,android,mid,KR,tiktok_ads
u001593,2026-09-01,ios,mid,KR,tiktok_ads
u001594,2026-08-22,android,low,OTHER,organic
u001595,2026-08-22,android,high,KR,meta_ads
u001596,2026-09-04,ios,mid,KR,organic
u001597,2026-09-05,android,low,KR,tiktok_ads
u001598,2026-08-21,ios,mid,US,meta_ads
u001599,2026-09-04,ios,high,KR,organic
u001600,2026-08-26,ios,high,KR,organic
u001601,2026-08-30,android,mid,KR,meta_ads
u001602,2026-08-25,android,low,KR,organic
u001603,2026-08-17,android,high,KR,tiktok_ads
u001604,2026-08-27,ios,mid,KR,organic
u001605,2026-08-17,android,mid,KR,tiktok_ads
u001606,2026-09-05,android,high,OTHER,organic
u001607,2026-09-03,ios,high,KR,meta_ads
u001608,2026-08-17,android,mid,US,meta_ads
u001609,2026-08-20,android,mid,KR,google_ads
u001610,2026-08-30,android,mid,KR,meta_ads
u001611,2026-08-21,ios,low,KR,google_ads
u001612,2026-08-19,ios,mid,KR,tiktok_ads
u001613,2026-08-25,ios,low,KR,tiktok_ads
u001614,2026-08-22,android,low,KR,tiktok_ads
u001615,2026-08-22,android,mid,TW,cross_promo
u001616,2026-09-01,android,low,OTHER,organic
u001617,2026-08-24,android,low,TW,google_ads
u001618,2026-08-26,android,low,KR,tiktok_ads
u001619,2026-08-22,android,low,KR,organic
u001620,2026-09-01,ios,mid,KR,organic
u001621,2026-09-04,android,high,TW,organic
u001622,2026-09-06,ios,low,KR,meta_ads
u001623,2026-08-28,ios,low,KR,google_ads
u001624,2026-08-31,ios,high,US,tiktok_ads
u001625,2026-08-19,ios,mid,KR,cross_promo
u001626,2026-08-16,android,low,TW,meta_ads
u001627,2026-08-23,android,high,KR,google_ads
u001628,2026-08-28,android,low,KR,google_ads
u001629,2026-08-16,android,high,US,tiktok_ads
u001630,2026-08-26,android,low,KR,meta_ads
u001631,2026-09-04,android,low,KR,cross_promo
u001632,2026-09-01,android,low,US,organic
u001633,2026-09-03,android,low,KR,google_ads
u001634,2026-08-21,ios,high,KR,organic
u001635,2026-08-27,ios,mid,JP,meta_ads
u001636,2026-08-18,ios,high,KR,organic
u001637,2026-08-30,android,low,OTHER,google_ads
u001638,2026-09-06,android,mid,US,meta_ads
u001639,2026-08-28,android,low,US,meta_ads
u001640,2026-09-04,android,low,KR,google_ads
u001641,2026-08-17,android,high,JP,organic
u001642,2026-08-21,ios,mid,KR,cross_promo
u001643,2026-09-06,android,low,JP,google_ads
u001644,2026-09-06,ios,mid,KR,tiktok_ads
u001645,2026-08-16,ios,high,US,meta_ads
u001646,2026-08-17,android,high,JP,tiktok_ads
u001647,2026-08-22,android,low,KR,google_ads
u001648,2026-08-24,android,low,OTHER,cross_promo
u001649,2026-09-01,ios,high,KR,tiktok_ads
u001650,2026-08-16,ios,mid,KR,cross_promo
u001651,2026-08-26,android,mid,KR,meta_ads
u001652,2026-09-04,ios,mid,JP,organic
u001653,2026-08-21,android,high,US,google_ads
u001654,2026-08-18,ios,high,KR,tiktok_ads
u001655,2026-08-23,android,mid,KR,google_ads
u001656,2026-09-04,android,high,JP,organic
u001657,2026-09-02,android,high,KR,organic
u001658,2026-09-06,android,low,KR,organic
u001659,2026-08-31,android,mid,KR,cross_promo
u001660,2026-08-18,ios,low,TW,meta_ads
u001661,2026-09-03,android,mid,US,organic
u001662,2026-08-22,ios,mid,KR,organic
u001663,2026-08-24,android,low,KR,google_ads
u001664,2026-08-30,android,low,JP,meta_ads
u001665,2026-08-23,ios,mid,KR,organic
u001666,2026-08-25,ios,mid,KR,meta_ads
u001667,2026-08-29,ios,low,KR,google_ads
u001668,2026-08-24,android,low,KR,tiktok_ads
u001669,2026-08-16,android,high,JP,meta_ads
u001670,2026-08-26,android,low,TW,cross_promo
u001671,2026-08-28,android,low,KR,google_ads
u001672,2026-08-19,ios,high,TW,cross_promo
u001673,2026-08-18,android,mid,KR,google_ads
u001674,2026-09-04,ios,high,JP,google_ads
u001675,2026-08-24,android,mid,KR,meta_ads
u001676,2026-08-26,ios,high,KR,cross_promo
u001677,2026-08-19,android,high,JP,tiktok_ads
u001678,2026-08-19,android,low,JP,meta_ads
u001679,2026-08-17,android,mid,KR,organic
u001680,2026-08-29,android,mid,OTHER,google_ads
u001681,2026-08-27,android,mid,JP,organic
u001682,2026-08-17,android,mid,KR,tiktok_ads
u001683,2026-09-04,android,mid,KR,meta_ads
u001684,2026-08-18,android,low,KR,google_ads
u001685,2026-09-03,android,low,KR,tiktok_ads
u001686,2026-09-01,ios,high,KR,meta_ads
u001687,2026-08-17,android,mid,JP,google_ads
u001688,2026-09-06,android,mid,KR,google_ads
u001689,2026-08-29,android,low,KR,meta_ads
u001690,2026-08-23,android,mid,KR,meta_ads
u001691,2026-09-03,android,high,KR,organic
u001692,2026-09-02,android,low,OTHER,meta_ads
u001693,2026-08-22,android,mid,KR,meta_ads
u001694,2026-08-21,android,mid,US,organic
u001695,2026-08-17,android,low,KR,cross_promo
u001696,2026-08-20,android,high,KR,meta_ads
u001697,2026-08-31,android,low,JP,meta_ads
u001698,2026-08-24,ios,high,KR,tiktok_ads
u001699,2026-08-21,android,mid,KR,organic
u001700,2026-08-27,android,low,TW,tiktok_ads
u001701,2026-08-26,ios,mid,JP,meta_ads
u001702,2026-09-03,ios,mid,JP,meta_ads
u001703,2026-08-24,android,low,KR,organic
u001704,2026-08-22,ios,mid,JP,organic
u001705,2026-09-01,android,low,KR,meta_ads
u001706,2026-08-18,android,high,KR,meta_ads
u001707,2026-09-01,ios,high,KR,organic
u001708,2026-08-17,android,mid,US,organic
u001709,2026-08-28,android,low,TW,organic
u001710,2026-09-01,android,mid,US,tiktok_ads
u001711,2026-08-24,android,low,US,meta_ads
u001712,2026-08-16,android,low,OTHER,meta_ads
u001713,2026-08-16,ios,low,JP,tiktok_ads
u001714,2026-08-18,android,low,US,google_ads
u001715,2026-08-26,android,mid,KR,organic
u001716,2026-08-26,ios,mid,OTHER,cross_promo
u001717,2026-08-18,android,mid,KR,meta_ads
u001718,2026-08-26,android,high,KR,google_ads
u001719,2026-08-24,ios,high,KR,organic
u001720,2026-08-18,android,low,OTHER,google_ads
u001721,2026-09-05,ios,mid,KR,tiktok_ads
u001722,2026-08-21,android,low,JP,meta_ads
u001723,2026-09-01,ios,high,KR,organic
u001724,2026-08-24,ios,high,KR,meta_ads
u001725,2026-08-30,ios,high,TW,google_ads
u001726,2026-08-31,android,high,OTHER,meta_ads
u001727,2026-08-16,android,low,US,organic
u001728,2026-09-06,android,low,KR,organic
u001729,2026-08-17,android,mid,KR,meta_ads
u001730,2026-08-25,android,mid,KR,meta_ads
u001731,2026-08-20,android,low,KR,tiktok_ads
u001732,2026-08-21,ios,high,US,organic
u001733,2026-08-16,android,low,US,tiktok_ads
u001734,2026-08-29,android,low,TW,tiktok_ads
u001735,2026-08-22,android,high,JP,organic
u001736,2026-08-24,ios,mid,TW,meta_ads
u001737,2026-08-19,android,high,TW,meta_ads
u001738,2026-08-30,ios,low,JP,organic
u001739,2026-08-23,android,low,KR,google_ads
u001740,2026-08-21,ios,high,JP,organic
u001741,2026-08-15,android,mid,OTHER,meta_ads
u001742,2026-08-15,android,mid,US,cross_promo
u001743,2026-09-03,ios,low,JP,meta_ads
u001744,2026-08-27,android,low,TW,cross_promo
u001745,2026-08-22,android,mid,KR,organic
u001746,2026-09-04,ios,high,OTHER,google_ads
u001747,2026-08-27,ios,low,JP,organic
u001748,2026-08-17,android,mid,JP,organic
u001749,2026-09-04,android,low,OTHER,tiktok_ads
u001750,2026-09-03,ios,mid,KR,meta_ads
u001751,2026-09-02,android,low,TW,tiktok_ads
u001752,2026-08-29,ios,high,US,google_ads
u001753,2026-08-17,android,high,KR,organic
u001754,2026-08-25,ios,high,KR,organic
u001755,2026-08-31,android,mid,JP,meta_ads
u001756,2026-08-30,android,low,KR,organic
u001757,2026-08-18,ios,high,KR,organic
u001758,2026-09-01,android,mid,KR,organic
u001759,2026-09-01,android,mid,KR,tiktok_ads
u001760,2026-08-17,ios,low,KR,organic
u001761,2026-08-21,android,mid,KR,meta_ads
u001762,2026-08-26,android,low,KR,google_ads
u001763,2026-08-19,android,mid,JP,cross_promo
u001764,2026-09-03,ios,mid,US,organic
u001765,2026-08-19,android,high,OTHER,tiktok_ads
u001766,2026-09-04,android,mid,JP,organic
u001767,2026-08-31,android,low,JP,cross_promo
u001768,2026-09-06,ios,high,KR,google_ads
u001769,2026-09-06,android,mid,JP,google_ads
u001770,2026-08-25,android,low,KR,organic
u001771,2026-08-27,android,mid,US,organic
u001772,2026-09-05,android,low,US,google_ads
u001773,2026-09-01,ios,high,KR,google_ads
u001774,2026-08-22,android,mid,US,cross_promo
u001775,2026-08-16,android,high,US,meta_ads
u001776,2026-09-05,android,low,KR,tiktok_ads
u001777,2026-09-01,android,low,KR,tiktok_ads
u001778,2026-08-25,android,mid,KR,tiktok_ads
u001779,2026-08-26,android,mid,KR,tiktok_ads
u001780,2026-08-28,android,low,KR,organic
u001781,2026-08-18,android,mid,JP,meta_ads
u001782,2026-08-18,android,low,KR,google_ads
u001783,2026-08-24,android,mid,TW,organic
u001784,2026-08-27,ios,mid,KR,google_ads
u001785,2026-09-06,android,low,KR,google_ads
u001786,2026-08-31,android,low,KR,tiktok_ads
u001787,2026-09-06,android,mid,TW,meta_ads
u001788,2026-08-29,android,high,KR,tiktok_ads
u001789,2026-09-05,android,low,KR,organic
u001790,2026-08-19,android,low,OTHER,organic
u001791,2026-09-01,android,mid,KR,cross_promo
u001792,2026-08-15,android,mid,JP,google_ads
u001793,2026-08-26,android,low,OTHER,meta_ads
u001794,2026-08-24,android,high,KR,meta_ads
u001795,2026-08-16,android,mid,TW,cross_promo
u001796,2026-08-24,ios,mid,JP,organic
u001797,2026-08-21,android,mid,US,meta_ads
u001798,2026-08-30,android,low,KR,organic
u001799,2026-09-04,ios,high,KR,tiktok_ads
u001800,2026-08-19,android,mid,KR,organic
u001801,2026-08-22,ios,mid,TW,meta_ads
u001802,2026-08-15,android,mid,KR,google_ads
u001803,2026-08-18,android,low,JP,cross_promo
u001804,2026-08-20,ios,mid,KR,meta_ads
u001805,2026-08-28,ios,high,KR,tiktok_ads
u001806,2026-09-06,android,high,KR,tiktok_ads
u001807,2026-08-29,android,mid,KR,tiktok_ads
u001808,2026-08-23,android,low,US,google_ads
u001809,2026-09-02,ios,mid,US,organic
u001810,2026-08-22,ios,high,JP,organic
u001811,2026-08-24,android,high,KR,meta_ads
u001812,2026-08-18,ios,high,JP,tiktok_ads
u001813,2026-08-18,android,low,TW,organic
u001814,2026-08-25,ios,mid,TW,meta_ads
u001815,2026-09-06,android,low,JP,organic
u001816,2026-08-28,ios,low,US,organic
u001817,2026-09-06,ios,low,JP,meta_ads
u001818,2026-08-30,android,mid,OTHER,organic
u001819,2026-08-21,android,high,KR,google_ads
u001820,2026-09-03,android,low,JP,organic
u001821,2026-08-25,android,high,OTHER,meta_ads
u001822,2026-08-18,android,low,OTHER,organic
u001823,2026-09-01,ios,high,US,meta_ads
u001824,2026-08-20,android,high,TW,google_ads
u001825,2026-09-04,android,low,KR,organic
u001826,2026-08-31,android,low,KR,meta_ads
u001827,2026-08-22,android,mid,JP,meta_ads
u001828,2026-08-19,ios,high,JP,organic
u001829,2026-08-20,android,high,KR,meta_ads
u001830,2026-08-24,ios,high,JP,meta_ads
u001831,2026-09-03,android,low,KR,meta_ads
u001832,2026-08-31,ios,mid,JP,google_ads
u001833,2026-08-22,android,low,US,tiktok_ads
u001834,2026-09-06,android,high,KR,organic
u001835,2026-09-05,android,low,KR,google_ads
u001836,2026-08-15,ios,mid,KR,organic
u001837,2026-09-05,android,mid,KR,organic
u001838,2026-08-24,ios,mid,KR,meta_ads
u001839,2026-08-18,android,low,KR,meta_ads
u001840,2026-08-25,android,mid,KR,tiktok_ads
u001841,2026-08-29,android,low,KR,meta_ads
u001842,2026-08-22,ios,high,KR,meta_ads
u001843,2026-08-24,android,low,US,organic
u001844,2026-08-25,ios,mid,JP,organic
u001845,2026-08-26,android,low,JP,tiktok_ads
u001846,2026-08-16,ios,mid,TW,google_ads
u001847,2026-08-20,ios,mid,JP,organic
u001848,2026-09-04,android,low,KR,tiktok_ads
u001849,2026-08-18,ios,high,OTHER,meta_ads
u001850,2026-08-20,android,high,KR,cross_promo
u001851,2026-08-16,android,mid,KR,google_ads
u001852,2026-08-24,android,mid,US,google_ads
u001853,2026-09-06,android,mid,KR,google_ads
u001854,2026-09-05,ios,high,KR,organic
u001855,2026-08-22,ios,mid,KR,organic
u001856,2026-08-16,android,low,KR,organic
u001857,2026-08-21,android,high,KR,google_ads
u001858,2026-09-06,android,mid,KR,meta_ads
u001859,2026-08-29,ios,mid,KR,organic
u001860,2026-08-15,android,high,US,meta_ads
u001861,2026-09-03,android,low,KR,google_ads
u001862,2026-08-15,android,low,KR,meta_ads
u001863,2026-08-21,android,mid,KR,tiktok_ads
u001864,2026-08-18,android,mid,OTHER,organic
u001865,2026-08-23,android,low,JP,tiktok_ads
u001866,2026-09-02,ios,mid,KR,google_ads
u001867,2026-08-27,android,low,US,organic
u001868,2026-09-05,android,mid,JP,tiktok_ads
u001869,2026-09-01,ios,high,KR,organic
u001870,2026-09-06,android,mid,US,google_ads
u001871,2026-08-30,android,high,KR,cross_promo
u001872,2026-08-28,android,low,KR,cross_promo
u001873,2026-08-31,android,mid,KR,tiktok_ads
u001874,2026-08-15,android,mid,KR,organic
u001875,2026-09-02,ios,high,KR,tiktok_ads
u001876,2026-08-18,ios,high,KR,google_ads
u001877,2026-08-28,ios,mid,KR,tiktok_ads
u001878,2026-09-05,android,high,KR,organic
u001879,2026-08-22,android,mid,KR,meta_ads
u001880,2026-08-31,ios,high,KR,google_ads
u001881,2026-09-04,android,low,OTHER,meta_ads
u001882,2026-08-27,android,high,KR,organic
u001883,2026-08-20,android,low,JP,meta_ads
u001884,2026-08-29,android,mid,US,organic
u001885,2026-09-01,android,high,JP,organic
u001886,2026-09-05,android,mid,KR,google_ads
u001887,2026-08-18,android,low,JP,google_ads
u001888,2026-08-21,ios,mid,KR,tiktok_ads
u001889,2026-08-21,android,mid,OTHER,tiktok_ads
u001890,2026-09-03,android,mid,KR,organic
u001891,2026-09-01,android,low,JP,meta_ads
u001892,2026-08-15,android,mid,KR,organic
u001893,2026-09-05,android,mid,KR,organic
u001894,2026-08-18,android,mid,KR,meta_ads
u001895,2026-08-22,android,high,KR,meta_ads
u001896,2026-09-05,android,low,KR,organic
u001897,2026-08-29,ios,mid,JP,tiktok_ads
u001898,2026-08-22,ios,high,KR,meta_ads
u001899,2026-08-31,ios,high,OTHER,organic
u001900,2026-09-06,android,low,JP,tiktok_ads
u001901,2026-08-22,android,high,KR,google_ads
u001902,2026-08-26,android,mid,KR,cross_promo
u001903,2026-08-17,ios,high,KR,google_ads
u001904,2026-08-16,ios,high,KR,tiktok_ads
u001905,2026-08-21,android,low,KR,tiktok_ads
u001906,2026-09-04,android,low,TW,google_ads
u001907,2026-08-21,android,mid,US,tiktok_ads
u001908,2026-08-15,android,high,KR,tiktok_ads
u001909,2026-08-15,ios,mid,KR,meta_ads
u001910,2026-09-06,android,mid,KR,google_ads
u001911,2026-08-24,ios,high,TW,tiktok_ads
u001912,2026-08-21,ios,high,US,organic
u001913,2026-08-23,android,mid,TW,tiktok_ads
u001914,2026-08-29,android,mid,US,meta_ads
u001915,2026-08-18,ios,mid,KR,organic
u001916,2026-08-19,android,low,JP,meta_ads
u001917,2026-08-20,android,high,KR,google_ads
u001918,2026-08-28,android,low,KR,organic
u001919,2026-08-15,ios,high,KR,organic
u001920,2026-09-02,ios,mid,KR,organic
u001921,2026-08-30,ios,high,KR,organic
u001922,2026-08-25,android,mid,KR,tiktok_ads
u001923,2026-08-29,android,low,OTHER,cross_promo
u001924,2026-08-25,android,mid,KR,meta_ads
u001925,2026-08-24,android,low,TW,google_ads
u001926,2026-08-30,android,low,KR,meta_ads
u001927,2026-08-15,ios,high,KR,tiktok_ads
u001928,2026-08-18,ios,high,KR,meta_ads
u001929,2026-08-25,android,low,US,google_ads
u001930,2026-09-04,android,mid,KR,tiktok_ads
u001931,2026-08-18,android,low,KR,organic
u001932,2026-08-18,ios,mid,TW,tiktok_ads
u001933,2026-09-02,android,low,KR,google_ads
u001934,2026-08-24,ios,high,TW,meta_ads
u001935,2026-08-25,ios,mid,TW,meta_ads
u001936,2026-08-28,android,mid,KR,meta_ads
u001937,2026-08-25,android,low,KR,tiktok_ads
u001938,2026-09-05,android,mid,KR,organic
u001939,2026-08-21,ios,mid,US,meta_ads
u001940,2026-09-01,ios,mid,KR,tiktok_ads
u001941,2026-09-02,ios,mid,KR,meta_ads
u001942,2026-08-22,ios,low,JP,google_ads
u001943,2026-08-25,android,low,US,cross_promo
u001944,2026-08-26,ios,high,US,meta_ads
u001945,2026-09-01,android,mid,TW,meta_ads
u001946,2026-09-03,ios,mid,JP,tiktok_ads
u001947,2026-08-27,ios,mid,OTHER,organic
u001948,2026-08-31,android,mid,JP,cross_promo
u001949,2026-09-04,ios,mid,KR,google_ads
u001950,2026-09-06,ios,mid,KR,tiktok_ads
u001951,2026-08-28,ios,high,OTHER,organic
u001952,2026-08-15,ios,high,US,organic
u001953,2026-08-20,android,low,JP,meta_ads
u001954,2026-08-22,ios,mid,TW,organic
u001955,2026-09-02,android,high,KR,tiktok_ads
u001956,2026-09-03,android,high,KR,google_ads
u001957,2026-08-29,android,high,KR,google_ads
u001958,2026-08-26,ios,mid,TW,meta_ads
u001959,2026-08-16,android,mid,KR,cross_promo
u001960,2026-08-27,android,low,KR,meta_ads
u001961,2026-09-01,ios,mid,KR,organic
u001962,2026-08-22,ios,high,US,google_ads
u001963,2026-08-25,android,mid,KR,organic
u001964,2026-08-19,android,mid,KR,cross_promo
u001965,2026-09-04,android,mid,JP,organic
u001966,2026-08-29,android,low,OTHER,organic
u001967,2026-08-24,android,low,JP,tiktok_ads
u001968,2026-08-28,android,mid,KR,organic
u001969,2026-08-28,android,low,US,meta_ads
u001970,2026-08-25,android,mid,KR,organic
u001971,2026-09-04,ios,mid,KR,meta_ads
u001972,2026-09-02,android,high,TW,meta_ads
u001973,2026-08-26,android,low,OTHER,meta_ads
u001974,2026-08-30,android,low,KR,google_ads
u001975,2026-09-03,android,low,KR,tiktok_ads
u001976,2026-09-02,ios,high,KR,meta_ads
u001977,2026-09-02,android,low,KR,meta_ads
u001978,2026-08-17,android,mid,US,tiktok_ads
u001979,2026-09-02,ios,high,KR,organic
u001980,2026-08-23,ios,high,KR,organic
u001981,2026-08-23,android,mid,KR,google_ads
u001982,2026-09-02,android,low,TW,google_ads
u001983,2026-08-18,android,low,JP,google_ads
u001984,2026-08-19,ios,mid,KR,organic
u001985,2026-08-24,ios,mid,KR,meta_ads
u001986,2026-08-17,ios,mid,TW,organic
u001987,2026-09-05,android,high,KR,meta_ads
u001988,2026-09-04,ios,high,JP,tiktok_ads
u001989,2026-08-25,android,high,TW,meta_ads
u001990,2026-08-31,ios,low,KR,google_ads
u001991,2026-08-21,android,mid,TW,google_ads
u001992,2026-08-15,android,low,KR,tiktok_ads
u001993,2026-08-18,ios,mid,KR,google_ads
u001994,2026-08-26,android,mid,KR,organic
u001995,2026-09-03,ios,mid,KR,meta_ads
u001996,2026-09-06,android,mid,US,tiktok_ads
u001997,2026-08-20,android,low,US,organic
u001998,2026-08-16,ios,mid,JP,meta_ads
u001999,2026-08-20,android,mid,KR,organic
u002000,2026-08-15,ios,low,KR,tiktok_ads
u002001,2026-08-21,android,low,TW,google_ads
u002002,2026-08-26,android,high,TW,organic
u002003,2026-08-31,android,low,KR,google_ads
u002004,2026-08-15,android,low,KR,meta_ads
u002005,2026-08-17,ios,mid,KR,google_ads
u002006,2026-08-21,android,mid,KR,cross_promo
u002007,2026-08-28,ios,high,KR,meta_ads
u002008,2026-09-02,android,low,JP,organic
u002009,2026-08-21,ios,high,JP,tiktok_ads
u002010,2026-08-27,android,low,KR,organic
u002011,2026-09-04,android,low,OTHER,meta_ads
u002012,2026-08-26,android,low,US,meta_ads
u002013,2026-08-29,android,low,KR,google_ads
u002014,2026-08-26,android,mid,JP,tiktok_ads
u002015,2026-09-06,ios,mid,KR,tiktok_ads
u002016,2026-08-29,android,low,OTHER,google_ads
u002017,2026-08-18,android,mid,KR,meta_ads
u002018,2026-08-16,android,mid,KR,tiktok_ads
u002019,2026-08-19,android,mid,KR,google_ads
u002020,2026-08-15,ios,mid,KR,tiktok_ads
u002021,2026-08-23,ios,high,KR,meta_ads
u002022,2026-08-19,ios,mid,KR,google_ads
u002023,2026-08-29,ios,high,OTHER,meta_ads
u002024,2026-09-01,android,mid,US,organic
u002025,2026-08-21,android,low,US,meta_ads
u002026,2026-08-21,android,high,US,organic
u002027,2026-08-23,android,high,JP,meta_ads
u002028,2026-09-06,android,mid,KR,meta_ads
u002029,2026-08-17,ios,low,KR,google_ads
u002030,2026-09-06,ios,mid,OTHER,tiktok_ads
u002031,2026-08-27,ios,high,US,organic
u002032,2026-08-31,ios,mid,KR,google_ads
u002033,2026-09-04,ios,high,KR,organic
u002034,2026-09-02,ios,mid,JP,tiktok_ads
u002035,2026-08-24,ios,high,KR,organic
u002036,2026-08-25,android,high,US,google_ads
u002037,2026-08-26,android,high,OTHER,cross_promo
u002038,2026-08-19,android,low,JP,google_ads
u002039,2026-08-29,android,mid,JP,organic
u002040,2026-08-25,android,low,US,meta_ads
u002041,2026-08-21,android,low,TW,google_ads
u002042,2026-09-02,ios,mid,OTHER,tiktok_ads
u002043,2026-08-29,android,low,KR,google_ads
u002044,2026-08-23,android,low,KR,google_ads
u002045,2026-09-06,ios,mid,KR,organic
u002046,2026-08-19,android,low,OTHER,meta_ads
u002047,2026-09-01,android,high,KR,cross_promo
u002048,2026-08-27,android,low,KR,tiktok_ads
u002049,2026-08-26,android,high,KR,meta_ads
u002050,2026-09-05,ios,high,KR,tiktok_ads
u002051,2026-08-23,android,high,US,organic
u002052,2026-08-19,ios,mid,KR,tiktok_ads
u002053,2026-08-29,ios,mid,TW,google_ads
u002054,2026-08-28,android,mid,KR,tiktok_ads
u002055,2026-08-23,ios,mid,KR,meta_ads
u002056,2026-09-03,ios,high,KR,meta_ads
u002057,2026-08-18,ios,high,JP,tiktok_ads
u002058,2026-08-20,ios,mid,KR,organic
u002059,2026-08-19,android,low,US,organic
u002060,2026-08-24,android,mid,KR,tiktok_ads
u002061,2026-08-31,ios,mid,KR,organic
u002062,2026-08-27,android,mid,KR,meta_ads
u002063,2026-09-02,android,low,TW,organic
u002064,2026-08-26,android,mid,KR,tiktok_ads
u002065,2026-08-16,android,low,TW,organic
u002066,2026-08-28,ios,mid,JP,organic
u002067,2026-08-22,ios,mid,US,organic
u002068,2026-08-31,android,high,KR,cross_promo
u002069,2026-09-05,ios,low,JP,organic
u002070,2026-09-03,android,mid,JP,tiktok_ads
u002071,2026-08-17,ios,mid,OTHER,tiktok_ads
u002072,2026-08-16,ios,mid,KR,organic
u002073,2026-08-15,android,mid,JP,tiktok_ads
u002074,2026-08-29,android,mid,KR,tiktok_ads
u002075,2026-08-22,ios,high,KR,tiktok_ads
u002076,2026-09-01,android,high,KR,organic
u002077,2026-08-29,android,mid,US,organic
u002078,2026-08-25,android,mid,US,organic
u002079,2026-08-16,android,mid,KR,organic
u002080,2026-08-21,android,low,KR,tiktok_ads
u002081,2026-08-28,ios,high,KR,cross_promo
u002082,2026-09-04,android,mid,KR,google_ads
u002083,2026-08-27,ios,mid,KR,meta_ads
u002084,2026-08-21,ios,high,KR,tiktok_ads
u002085,2026-09-02,android,mid,KR,meta_ads
u002086,2026-08-31,android,low,US,organic
u002087,2026-08-17,ios,high,TW,google_ads
u002088,2026-08-15,android,low,KR,google_ads
u002089,2026-08-27,android,low,TW,organic
u002090,2026-08-17,android,low,KR,meta_ads
u002091,2026-09-05,ios,mid,KR,meta_ads
u002092,2026-09-04,ios,high,US,meta_ads
u002093,2026-09-06,ios,mid,KR,google_ads
u002094,2026-08-16,ios,mid,KR,cross_promo
u002095,2026-09-05,ios,high,US,organic
u002096,2026-08-23,android,high,JP,meta_ads
u002097,2026-09-04,ios,mid,KR,meta_ads
u002098,2026-08-17,android,high,KR,google_ads
u002099,2026-08-18,ios,low,KR,cross_promo
u002100,2026-08-23,ios,mid,KR,meta_ads
u002101,2026-08-22,android,low,OTHER,organic
u002102,2026-09-03,android,high,OTHER,meta_ads
u002103,2026-08-17,android,low,KR,organic
u002104,2026-08-21,android,high,KR,cross_promo
u002105,2026-09-04,ios,high,KR,tiktok_ads
u002106,2026-08-29,ios,mid,JP,meta_ads
u002107,2026-08-15,ios,mid,OTHER,google_ads
u002108,2026-09-05,ios,high,KR,google_ads
u002109,2026-08-21,android,high,KR,google_ads
u002110,2026-09-02,android,low,KR,meta_ads
u002111,2026-09-02,android,mid,US,meta_ads
u002112,2026-08-28,android,high,KR,tiktok_ads
u002113,2026-09-02,android,low,KR,organic
u002114,2026-08-27,ios,mid,KR,tiktok_ads
u002115,2026-09-04,ios,mid,JP,tiktok_ads
u002116,2026-08-26,ios,mid,US,tiktok_ads
u002117,2026-08-24,ios,mid,KR,tiktok_ads
u002118,2026-08-22,ios,mid,US,organic
u002119,2026-08-19,android,mid,JP,meta_ads
u002120,2026-08-23,ios,high,US,google_ads
u002121,2026-08-26,ios,mid,JP,google_ads
u002122,2026-08-20,android,low,US,tiktok_ads
u002123,2026-08-28,android,mid,TW,meta_ads
u002124,2026-08-22,android,low,US,meta_ads
u002125,2026-09-04,ios,high,KR,google_ads
u002126,2026-08-19,ios,low,KR,tiktok_ads
u002127,2026-08-21,android,high,KR,organic
u002128,2026-08-21,ios,high,KR,organic
u002129,2026-08-15,android,high,KR,meta_ads
u002130,2026-08-28,android,mid,KR,meta_ads
u002131,2026-08-18,android,low,KR,organic
u002132,2026-09-05,ios,mid,KR,google_ads
u002133,2026-09-01,ios,mid,KR,meta_ads
u002134,2026-08-19,ios,high,US,organic
u002135,2026-08-29,android,low,KR,google_ads
u002136,2026-08-29,android,mid,KR,tiktok_ads
u002137,2026-09-04,ios,high,KR,meta_ads
u002138,2026-09-06,ios,high,US,tiktok_ads
u002139,2026-08-19,android,high,US,organic
u002140,2026-08-26,android,mid,KR,google_ads
u002141,2026-08-20,android,mid,JP,organic
u002142,2026-08-18,android,mid,KR,meta_ads
u002143,2026-08-28,android,high,KR,meta_ads
u002144,2026-08-27,android,mid,OTHER,google_ads
u002145,2026-08-22,ios,high,US,tiktok_ads
u002146,2026-08-16,ios,mid,KR,google_ads
u002147,2026-08-21,ios,high,JP,meta_ads
u002148,2026-08-28,android,mid,KR,meta_ads
u002149,2026-09-01,android,low,KR,meta_ads
u002150,2026-08-27,android,high,TW,cross_promo
u002151,2026-09-06,android,high,KR,organic
u002152,2026-09-01,ios,mid,JP,tiktok_ads
u002153,2026-08-17,android,low,JP,tiktok_ads
u002154,2026-08-15,android,mid,KR,google_ads
u002155,2026-08-24,ios,mid,KR,organic
u002156,2026-08-26,android,mid,KR,meta_ads
u002157,2026-08-21,android,mid,JP,organic
u002158,2026-08-25,android,low,JP,organic
u002159,2026-08-23,ios,low,US,meta_ads
u002160,2026-08-19,ios,mid,KR,organic
u002161,2026-08-30,android,mid,JP,meta_ads
u002162,2026-08-15,android,mid,US,organic
u002163,2026-08-29,android,mid,KR,meta_ads
u002164,2026-09-05,android,high,KR,tiktok_ads
u002165,2026-08-21,ios,mid,TW,organic
u002166,2026-08-20,android,mid,US,tiktok_ads
u002167,2026-09-03,ios,low,KR,organic
u002168,2026-08-15,android,mid,KR,organic
u002169,2026-08-27,android,low,KR,organic
u002170,2026-08-21,android,low,KR,tiktok_ads
u002171,2026-09-03,ios,high,KR,organic
u002172,2026-08-19,android,high,OTHER,organic
u002173,2026-09-02,ios,high,KR,google_ads
u002174,2026-09-02,android,high,KR,organic
u002175,2026-09-06,ios,high,JP,meta_ads
u002176,2026-09-04,android,high,JP,meta_ads
u002177,2026-08-18,android,mid,KR,tiktok_ads
u002178,2026-08-27,ios,high,KR,organic
u002179,2026-08-28,android,mid,JP,meta_ads
u002180,2026-08-20,ios,mid,JP,organic
u002181,2026-09-04,ios,mid,TW,tiktok_ads
u002182,2026-09-05,android,mid,KR,google_ads
u002183,2026-08-24,android,high,OTHER,organic
u002184,2026-09-04,android,mid,KR,meta_ads
u002185,2026-08-30,android,high,KR,google_ads
u002186,2026-08-16,android,low,KR,tiktok_ads
u002187,2026-08-16,android,low,US,google_ads
u002188,2026-09-04,android,mid,KR,organic
u002189,2026-08-22,android,low,KR,organic
u002190,2026-08-26,ios,high,TW,organic
u002191,2026-08-31,android,mid,US,meta_ads
u002192,2026-08-25,android,high,US,tiktok_ads
u002193,2026-08-15,ios,high,TW,organic
u002194,2026-08-28,android,high,TW,google_ads
u002195,2026-08-24,android,mid,KR,organic
u002196,2026-09-04,ios,high,KR,organic
u002197,2026-08-31,android,mid,KR,google_ads
u002198,2026-08-31,ios,mid,KR,organic
u002199,2026-08-22,android,low,KR,organic
u002200,2026-08-27,android,high,KR,organic
u002201,2026-08-26,android,mid,US,meta_ads
u002202,2026-08-22,ios,low,KR,meta_ads
u002203,2026-08-20,android,low,TW,meta_ads
u002204,2026-08-16,android,low,US,google_ads
u002205,2026-08-26,ios,low,US,organic
u002206,2026-09-06,android,mid,JP,google_ads
u002207,2026-09-02,ios,high,KR,organic
u002208,2026-09-05,ios,mid,TW,meta_ads
u002209,2026-08-20,android,mid,KR,tiktok_ads
u002210,2026-09-01,android,high,OTHER,meta_ads
u002211,2026-08-31,android,mid,TW,meta_ads
u002212,2026-08-21,android,high,TW,meta_ads
u002213,2026-08-18,android,low,KR,cross_promo
u002214,2026-08-19,ios,mid,KR,meta_ads
u002215,2026-08-31,ios,high,KR,meta_ads
u002216,2026-09-03,android,mid,JP,meta_ads
u002217,2026-08-24,android,low,US,cross_promo
u002218,2026-08-31,android,high,US,google_ads
u002219,2026-08-23,android,low,KR,cross_promo
u002220,2026-08-22,android,mid,KR,organic
u002221,2026-08-31,ios,mid,KR,organic
u002222,2026-08-16,android,mid,KR,google_ads
u002223,2026-09-01,android,low,KR,tiktok_ads
u002224,2026-08-15,android,low,KR,organic
u002225,2026-08-21,ios,high,JP,google_ads
u002226,2026-08-30,android,high,KR,organic
u002227,2026-08-21,ios,low,US,organic
u002228,2026-08-23,android,low,KR,tiktok_ads
u002229,2026-08-31,android,low,JP,meta_ads
u002230,2026-08-31,android,mid,OTHER,organic
u002231,2026-08-18,android,low,JP,organic
u002232,2026-08-15,android,mid,KR,organic
u002233,2026-09-05,ios,high,KR,meta_ads
u002234,2026-08-19,android,high,KR,tiktok_ads
u002235,2026-08-22,android,low,US,organic
u002236,2026-09-03,ios,mid,JP,organic
u002237,2026-09-05,android,mid,KR,cross_promo
u002238,2026-08-19,android,low,KR,tiktok_ads
u002239,2026-08-18,android,high,KR,google_ads
u002240,2026-08-21,android,low,OTHER,cross_promo
u002241,2026-08-16,ios,mid,US,tiktok_ads
u002242,2026-09-02,ios,high,KR,meta_ads
u002243,2026-08-19,ios,high,US,tiktok_ads
u002244,2026-09-05,ios,mid,KR,tiktok_ads
u002245,2026-08-30,ios,high,KR,cross_promo
u002246,2026-08-23,android,mid,JP,google_ads
u002247,2026-08-26,android,high,JP,meta_ads
u002248,2026-08-28,android,low,KR,google_ads
u002249,2026-08-31,ios,mid,KR,meta_ads
u002250,2026-08-18,android,mid,KR,organic
u002251,2026-08-21,android,low,TW,tiktok_ads
u002252,2026-08-28,android,mid,KR,organic
u002253,2026-08-19,ios,high,KR,tiktok_ads
u002254,2026-09-05,android,high,KR,tiktok_ads
u002255,2026-08-29,ios,mid,JP,organic
u002256,2026-08-17,ios,mid,OTHER,tiktok_ads
u002257,2026-08-28,android,mid,KR,tiktok_ads
u002258,2026-08-26,ios,mid,US,organic
u002259,2026-08-18,android,low,KR,tiktok_ads
u002260,2026-09-03,android,low,TW,google_ads
u002261,2026-08-30,ios,high,US,google_ads
u002262,2026-08-29,android,mid,KR,tiktok_ads
u002263,2026-08-30,android,low,KR,organic
u002264,2026-08-16,android,low,KR,organic
u002265,2026-08-29,android,low,KR,organic
u002266,2026-09-01,android,mid,US,organic
u002267,2026-08-29,android,mid,JP,organic
u002268,2026-08-15,ios,high,OTHER,google_ads
u002269,2026-08-23,ios,high,JP,google_ads
u002270,2026-08-28,ios,high,KR,google_ads
u002271,2026-08-29,android,low,OTHER,google_ads
u002272,2026-08-20,android,mid,OTHER,cross_promo
u002273,2026-08-24,android,low,JP,google_ads
u002274,2026-09-05,android,mid,KR,meta_ads
u002275,2026-08-15,android,mid,JP,cross_promo
u002276,2026-08-26,android,mid,KR,google_ads
u002277,2026-08-18,ios,mid,KR,organic
u002278,2026-08-15,android,low,KR,organic
u002279,2026-09-05,android,high,KR,organic
u002280,2026-08-25,android,mid,KR,google_ads
u002281,2026-08-30,ios,mid,JP,meta_ads
u002282,2026-09-05,android,mid,KR,organic
u002283,2026-08-26,android,mid,JP,meta_ads
u002284,2026-08-28,android,mid,KR,organic
u002285,2026-08-18,android,mid,KR,tiktok_ads
u002286,2026-08-16,ios,mid,KR,meta_ads
u002287,2026-08-30,ios,mid,KR,organic
u002288,2026-08-27,ios,high,KR,meta_ads
u002289,2026-08-25,android,low,KR,organic
u002290,2026-08-30,ios,low,KR,organic
u002291,2026-09-04,android,low,TW,google_ads
u002292,2026-09-06,android,mid,KR,google_ads
u002293,2026-08-31,android,low,KR,meta_ads
u002294,2026-08-15,android,mid,KR,organic
u002295,2026-08-21,android,low,KR,tiktok_ads
u002296,2026-09-03,android,low,KR,google_ads
u002297,2026-08-24,android,mid,TW,organic
u002298,2026-08-21,android,low,OTHER,meta_ads
u002299,2026-08-27,ios,mid,KR,meta_ads
u002300,2026-09-04,ios,mid,US,tiktok_ads
u002301,2026-08-21,android,low,KR,organic
u002302,2026-09-02,android,low,JP,tiktok_ads
u002303,2026-08-25,android,high,KR,organic
u002304,2026-08-20,ios,low,KR,organic
u002305,2026-08-27,ios,high,OTHER,organic
u002306,2026-08-30,android,mid,KR,organic
u002307,2026-08-31,android,low,KR,meta_ads
u002308,2026-09-02,ios,high,OTHER,organic
u002309,2026-09-03,android,low,US,cross_promo
u002310,2026-08-22,android,low,KR,organic
u002311,2026-09-05,android,mid,US,google_ads
u002312,2026-08-29,ios,mid,OTHER,google_ads
u002313,2026-08-24,android,low,KR,meta_ads
u002314,2026-08-30,android,mid,KR,meta_ads
u002315,2026-08-24,android,high,KR,organic
u002316,2026-08-22,ios,mid,KR,google_ads
u002317,2026-09-04,android,mid,JP,tiktok_ads
u002318,2026-08-22,android,low,KR,organic
u002319,2026-08-22,android,low,KR,tiktok_ads
u002320,2026-08-18,android,mid,JP,google_ads
u002321,2026-08-25,android,mid,KR,meta_ads
u002322,2026-08-26,ios,high,JP,google_ads
u002323,2026-08-16,android,mid,KR,organic
u002324,2026-08-30,ios,low,US,organic
u002325,2026-08-25,android,high,TW,google_ads
u002326,2026-08-23,ios,mid,KR,tiktok_ads
u002327,2026-08-28,ios,high,OTHER,tiktok_ads
u002328,2026-08-17,android,high,KR,tiktok_ads
u002329,2026-08-15,android,high,JP,organic
u002330,2026-08-25,ios,high,OTHER,organic
u002331,2026-08-26,android,mid,TW,organic
u002332,2026-08-27,android,mid,KR,google_ads
u002333,2026-08-20,android,low,JP,meta_ads
u002334,2026-08-19,android,low,JP,tiktok_ads
u002335,2026-08-30,ios,high,US,tiktok_ads
u002336,2026-08-15,android,mid,US,google_ads
u002337,2026-08-18,ios,mid,JP,organic
u002338,2026-09-02,android,mid,TW,google_ads
u002339,2026-08-25,android,mid,KR,tiktok_ads
u002340,2026-09-04,ios,low,US,tiktok_ads
u002341,2026-08-29,android,low,KR,tiktok_ads
u002342,2026-09-03,android,low,KR,meta_ads
u002343,2026-08-17,ios,high,TW,tiktok_ads
u002344,2026-08-23,android,low,JP,google_ads
u002345,2026-08-27,android,high,KR,organic
u002346,2026-08-20,android,mid,JP,meta_ads
u002347,2026-08-24,android,low,KR,tiktok_ads
u002348,2026-08-15,android,mid,JP,organic
u002349,2026-09-01,ios,high,OTHER,tiktok_ads
u002350,2026-09-06,android,low,KR,meta_ads
u002351,2026-08-19,ios,high,KR,tiktok_ads
u002352,2026-09-04,android,low,KR,organic
u002353,2026-08-23,android,mid,TW,tiktok_ads
u002354,2026-08-19,android,low,JP,meta_ads
u002355,2026-08-27,android,low,KR,meta_ads
u002356,2026-08-25,android,low,TW,organic
u002357,2026-08-20,android,mid,KR,organic
u002358,2026-09-04,ios,mid,OTHER,tiktok_ads
u002359,2026-08-28,android,low,KR,google_ads
u002360,2026-09-03,android,low,US,meta_ads
u002361,2026-08-23,android,low,KR,meta_ads
u002362,2026-08-18,android,low,KR,tiktok_ads
u002363,2026-08-23,android,low,TW,organic
u002364,2026-09-05,ios,low,KR,meta_ads
u002365,2026-09-02,ios,high,KR,google_ads
u002366,2026-09-04,android,mid,US,google_ads
u002367,2026-08-26,ios,mid,TW,organic
u002368,2026-08-26,android,mid,US,tiktok_ads
u002369,2026-08-25,ios,mid,US,organic
u002370,2026-09-05,ios,mid,US,meta_ads
u002371,2026-08-31,android,high,US,tiktok_ads
u002372,2026-09-02,android,low,KR,organic
u002373,2026-08-26,android,low,JP,tiktok_ads
u002374,2026-08-27,android,low,JP,tiktok_ads
u002375,2026-08-18,android,mid,KR,google_ads
u002376,2026-08-31,android,low,OTHER,organic
u002377,2026-09-02,ios,low,KR,meta_ads
u002378,2026-08-15,android,high,OTHER,meta_ads
u002379,2026-08-29,android,low,TW,google_ads
u002380,2026-08-28,ios,low,KR,meta_ads
u002381,2026-09-04,android,high,JP,tiktok_ads
u002382,2026-08-17,android,low,KR,cross_promo
u002383,2026-08-26,ios,high,JP,meta_ads
u002384,2026-08-18,ios,low,KR,google_ads
u002385,2026-08-17,android,low,KR,google_ads
u002386,2026-08-27,android,mid,KR,google_ads
u002387,2026-08-29,android,mid,KR,organic
u002388,2026-09-02,android,low,US,google_ads
u002389,2026-09-01,android,low,KR,organic
u002390,2026-08-15,android,low,US,organic
u002391,2026-08-21,android,low,KR,tiktok_ads
u002392,2026-08-27,ios,mid,KR,tiktok_ads
u002393,2026-08-29,android,low,KR,tiktok_ads
u002394,2026-09-06,android,low,JP,google_ads
u002395,2026-08-16,android,high,KR,google_ads
u002396,2026-08-27,android,mid,JP,meta_ads
u002397,2026-08-20,android,mid,US,meta_ads
u002398,2026-08-30,ios,mid,JP,meta_ads
u002399,2026-08-29,ios,mid,US,cross_promo
u002400,2026-08-26,ios,mid,US,meta_ads
u002401,2026-09-01,android,mid,TW,meta_ads
u002402,2026-08-23,ios,high,KR,meta_ads
u002403,2026-08-24,android,mid,US,meta_ads
u002404,2026-08-18,android,mid,KR,tiktok_ads
u002405,2026-08-25,android,mid,OTHER,organic
u002406,2026-09-03,ios,mid,KR,tiktok_ads
u002407,2026-09-03,android,low,TW,meta_ads
u002408,2026-09-02,ios,high,TW,organic
u002409,2026-08-20,android,mid,US,tiktok_ads
u002410,2026-08-25,android,high,TW,organic
u002411,2026-08-17,android,high,KR,google_ads
u002412,2026-08-23,ios,low,KR,tiktok_ads
u002413,2026-09-01,android,mid,TW,google_ads
u002414,2026-09-06,android,low,US,cross_promo
u002415,2026-08-31,android,mid,KR,tiktok_ads
u002416,2026-08-28,android,mid,KR,google_ads
u002417,2026-08-27,android,high,TW,cross_promo
u002418,2026-08-26,ios,mid,KR,cross_promo
u002419,2026-09-04,android,low,KR,tiktok_ads
u002420,2026-09-01,android,mid,OTHER,tiktok_ads
u002421,2026-08-23,android,mid,TW,google_ads
u002422,2026-08-29,ios,low,US,organic
u002423,2026-08-27,ios,high,JP,organic
u002424,2026-08-22,android,high,OTHER,meta_ads
u002425,2026-08-25,ios,high,KR,tiktok_ads
u002426,2026-08-24,android,mid,KR,organic
u002427,2026-08-16,ios,low,US,meta_ads
u002428,2026-08-21,android,low,KR,cross_promo
u002429,2026-08-27,ios,mid,OTHER,meta_ads
u002430,2026-09-04,ios,mid,TW,meta_ads
u002431,2026-09-04,android,mid,US,meta_ads
u002432,2026-08-26,ios,high,OTHER,organic
u002433,2026-08-20,android,mid,KR,meta_ads
u002434,2026-08-24,android,low,TW,meta_ads
u002435,2026-08-29,android,mid,KR,meta_ads
u002436,2026-08-19,android,mid,TW,organic
u002437,2026-08-20,android,high,JP,tiktok_ads
u002438,2026-08-28,ios,mid,KR,google_ads
u002439,2026-08-29,ios,mid,US,organic
u002440,2026-08-21,ios,low,KR,organic
u002441,2026-09-03,ios,high,OTHER,google_ads
u002442,2026-08-22,ios,mid,US,google_ads
u002443,2026-08-16,ios,high,KR,organic
u002444,2026-09-05,android,low,KR,cross_promo
u002445,2026-08-29,ios,mid,KR,google_ads
u002446,2026-08-19,android,low,KR,google_ads
u002447,2026-08-27,ios,mid,US,meta_ads
u002448,2026-08-29,ios,low,OTHER,google_ads
u002449,2026-09-04,android,low,KR,organic
u002450,2026-08-31,android,low,OTHER,meta_ads
u002451,2026-08-19,ios,high,US,meta_ads
u002452,2026-08-21,ios,high,KR,organic
u002453,2026-08-17,ios,low,KR,meta_ads
u002454,2026-09-05,android,mid,OTHER,google_ads
u002455,2026-08-27,ios,high,JP,organic
u002456,2026-08-30,ios,mid,TW,organic
u002457,2026-08-28,android,high,KR,meta_ads
u002458,2026-08-17,android,high,KR,meta_ads
u002459,2026-08-30,android,mid,KR,meta_ads
u002460,2026-09-03,android,low,US,organic
u002461,2026-08-15,android,high,JP,tiktok_ads
u002462,2026-08-27,ios,high,KR,meta_ads
u002463,2026-08-28,android,low,KR,google_ads
u002464,2026-08-31,android,low,KR,meta_ads
u002465,2026-08-20,android,high,KR,organic
u002466,2026-09-01,android,high,US,organic
u002467,2026-09-01,android,mid,KR,tiktok_ads
u002468,2026-08-29,android,mid,KR,meta_ads
u002469,2026-08-22,android,low,KR,cross_promo
u002470,2026-08-25,ios,mid,KR,cross_promo
u002471,2026-09-02,android,high,KR,tiktok_ads
u002472,2026-08-15,android,mid,JP,google_ads
u002473,2026-09-04,ios,mid,US,meta_ads
u002474,2026-09-06,android,mid,JP,organic
u002475,2026-08-25,android,low,KR,tiktok_ads
u002476,2026-08-23,android,low,KR,organic
u002477,2026-09-05,ios,mid,OTHER,tiktok_ads
u002478,2026-09-06,ios,high,TW,organic
u002479,2026-08-29,ios,high,OTHER,meta_ads
u002480,2026-08-30,android,mid,KR,google_ads
u002481,2026-08-29,android,high,JP,meta_ads
u002482,2026-08-26,android,mid,OTHER,google_ads
u002483,2026-09-06,ios,mid,JP,tiktok_ads
u002484,2026-08-18,android,low,KR,organic
u002485,2026-08-27,ios,high,KR,organic
u002486,2026-09-06,android,mid,KR,tiktok_ads
u002487,2026-08-15,ios,high,US,organic
u002488,2026-08-17,ios,high,KR,tiktok_ads
u002489,2026-09-04,ios,mid,JP,meta_ads
u002490,2026-09-05,ios,low,KR,organic
u002491,2026-09-02,ios,mid,OTHER,cross_promo
u002492,2026-08-18,ios,mid,KR,organic
u002493,2026-08-20,android,mid,TW,google_ads
u002494,2026-08-29,android,mid,KR,google_ads
u002495,2026-08-22,android,mid,TW,google_ads
u002496,2026-08-27,android,mid,OTHER,organic
u002497,2026-08-16,ios,high,OTHER,organic
u002498,2026-08-24,android,low,TW,organic
u002499,2026-09-04,android,mid,JP,meta_ads
u002500,2026-09-03,android,low,KR,organic
u002501,2026-08-19,ios,high,KR,tiktok_ads
u002502,2026-08-26,android,low,OTHER,organic
u002503,2026-08-19,android,low,US,organic
u002504,2026-08-31,android,low,KR,meta_ads
u002505,2026-08-16,android,high,JP,organic
u002506,2026-08-30,android,mid,US,meta_ads
u002507,2026-08-16,ios,mid,KR,google_ads
u002508,2026-08-29,android,mid,KR,organic
u002509,2026-09-02,ios,high,US,tiktok_ads
u002510,2026-08-31,android,low,KR,meta_ads
u002511,2026-09-06,ios,mid,KR,organic
u002512,2026-08-18,android,low,KR,tiktok_ads
u002513,2026-08-26,ios,mid,KR,google_ads
u002514,2026-08-28,android,low,KR,tiktok_ads
u002515,2026-08-25,ios,low,KR,organic
u002516,2026-09-03,android,low,KR,cross_promo
u002517,2026-09-02,android,low,KR,organic
u002518,2026-08-28,android,high,KR,google_ads
u002519,2026-08-15,ios,low,KR,organic
u002520,2026-08-19,ios,mid,KR,tiktok_ads
u002521,2026-08-22,ios,high,KR,organic
u002522,2026-08-24,android,mid,KR,organic
u002523,2026-08-28,android,low,KR,google_ads
u002524,2026-08-29,android,low,KR,organic
u002525,2026-08-21,android,mid,US,organic
u002526,2026-08-20,ios,high,KR,meta_ads
u002527,2026-08-24,android,low,KR,organic
u002528,2026-08-26,android,high,JP,cross_promo
u002529,2026-08-29,android,low,US,cross_promo
u002530,2026-08-22,ios,mid,OTHER,organic
u002531,2026-08-21,ios,high,OTHER,meta_ads
u002532,2026-08-19,android,low,US,organic
u002533,2026-08-23,android,mid,OTHER,google_ads
u002534,2026-08-26,ios,high,JP,google_ads
u002535,2026-08-15,android,mid,KR,organic
u002536,2026-09-06,ios,high,KR,google_ads
u002537,2026-08-25,ios,mid,TW,google_ads
u002538,2026-08-19,ios,mid,JP,meta_ads
u002539,2026-08-18,android,low,OTHER,organic
u002540,2026-08-27,ios,low,KR,google_ads
u002541,2026-08-15,android,low,KR,organic
u002542,2026-08-25,android,mid,KR,google_ads
u002543,2026-08-26,ios,high,OTHER,organic
u002544,2026-08-27,android,low,KR,organic
u002545,2026-08-26,ios,high,KR,organic
u002546,2026-08-29,android,low,US,tiktok_ads
u002547,2026-09-04,ios,high,US,google_ads
u002548,2026-08-31,ios,mid,KR,google_ads
u002549,2026-08-22,android,low,JP,tiktok_ads
u002550,2026-08-30,android,mid,TW,meta_ads
u002551,2026-08-19,android,low,KR,organic
u002552,2026-08-15,ios,high,KR,organic
u002553,2026-09-06,android,mid,KR,meta_ads
u002554,2026-08-31,android,low,KR,meta_ads
u002555,2026-08-16,android,mid,KR,tiktok_ads
u002556,2026-08-18,android,low,KR,organic
u002557,2026-09-05,android,low,KR,cross_promo
u002558,2026-09-02,android,mid,KR,meta_ads
u002559,2026-08-27,android,high,OTHER,google_ads
u002560,2026-08-18,ios,high,KR,meta_ads
u002561,2026-09-02,android,mid,US,meta_ads
u002562,2026-08-17,android,high,KR,tiktok_ads
u002563,2026-09-03,ios,high,KR,organic
u002564,2026-08-27,ios,low,KR,cross_promo
u002565,2026-08-16,android,high,KR,organic
u002566,2026-09-05,android,low,JP,tiktok_ads
u002567,2026-08-31,android,low,TW,organic
u002568,2026-08-26,android,low,KR,organic
u002569,2026-08-23,android,mid,JP,organic
u002570,2026-08-29,android,mid,US,tiktok_ads
u002571,2026-08-24,ios,high,KR,organic
u002572,2026-08-28,android,mid,KR,organic
u002573,2026-08-26,android,mid,KR,organic
u002574,2026-08-29,android,mid,KR,meta_ads
u002575,2026-08-29,android,high,KR,organic
u002576,2026-08-30,android,low,KR,meta_ads
u002577,2026-08-24,ios,high,KR,organic
u002578,2026-08-21,ios,mid,KR,tiktok_ads
u002579,2026-09-06,ios,high,KR,cross_promo
u002580,2026-08-30,ios,low,KR,organic
u002581,2026-08-20,android,low,US,cross_promo
u002582,2026-09-05,android,low,US,meta_ads
u002583,2026-08-19,ios,mid,KR,meta_ads
u002584,2026-09-02,android,low,JP,cross_promo
u002585,2026-08-21,android,low,US,google_ads
u002586,2026-08-25,android,mid,KR,meta_ads
u002587,2026-09-06,ios,high,KR,meta_ads
u002588,2026-08-23,ios,low,KR,meta_ads
u002589,2026-08-22,android,high,US,meta_ads
u002590,2026-09-02,android,low,KR,cross_promo
u002591,2026-09-03,android,mid,KR,google_ads
u002592,2026-08-28,android,mid,TW,tiktok_ads
u002593,2026-08-26,android,mid,KR,tiktok_ads
u002594,2026-09-04,ios,mid,JP,organic
u002595,2026-08-22,android,low,KR,meta_ads
u002596,2026-08-27,ios,high,KR,tiktok_ads
u002597,2026-09-01,android,mid,TW,cross_promo
u002598,2026-08-30,ios,high,OTHER,organic
u002599,2026-08-26,android,low,KR,tiktok_ads
u002600,2026-08-16,android,low,KR,google_ads
u002601,2026-08-16,ios,high,JP,meta_ads
u002602,2026-08-29,android,low,KR,meta_ads
u002603,2026-08-24,android,mid,KR,google_ads
u002604,2026-09-06,android,low,KR,tiktok_ads
u002605,2026-08-23,ios,low,TW,tiktok_ads
u002606,2026-08-29,android,mid,US,tiktok_ads
u002607,2026-08-31,android,low,JP,cross_promo
u002608,2026-08-28,android,mid,KR,organic
u002609,2026-08-18,android,mid,KR,meta_ads
u002610,2026-08-16,android,mid,OTHER,organic
u002611,2026-08-29,android,high,US,cross_promo
u002612,2026-08-26,android,low,KR,meta_ads
u002613,2026-08-26,ios,mid,KR,organic
u002614,2026-08-18,ios,high,KR,tiktok_ads
u002615,2026-08-16,android,mid,OTHER,organic
u002616,2026-08-20,android,mid,KR,meta_ads
u002617,2026-09-03,ios,mid,KR,tiktok_ads
u002618,2026-08-24,android,low,KR,cross_promo
u002619,2026-08-15,android,mid,KR,organic
u002620,2026-09-06,ios,high,OTHER,google_ads
u002621,2026-08-18,android,low,KR,tiktok_ads
u002622,2026-08-31,android,mid,JP,cross_promo
u002623,2026-09-03,ios,mid,KR,google_ads
u002624,2026-08-19,ios,high,KR,cross_promo
u002625,2026-09-01,android,low,US,meta_ads
u002626,2026-08-15,android,mid,KR,organic
u002627,2026-08-27,ios,high,US,cross_promo
u002628,2026-08-15,ios,mid,US,organic
u002629,2026-08-24,android,mid,US,meta_ads
u002630,2026-08-17,android,mid,KR,organic
u002631,2026-08-23,android,low,OTHER,organic
u002632,2026-09-01,android,high,JP,meta_ads
u002633,2026-09-03,android,low,KR,meta_ads
u002634,2026-09-03,android,low,KR,meta_ads
u002635,2026-08-16,android,high,KR,organic
u002636,2026-08-15,android,mid,KR,meta_ads
u002637,2026-09-03,android,mid,US,meta_ads
u002638,2026-09-01,android,mid,TW,organic
u002639,2026-08-29,ios,mid,KR,meta_ads
u002640,2026-09-04,android,low,KR,tiktok_ads
u002641,2026-09-05,android,mid,TW,tiktok_ads
u002642,2026-09-04,ios,high,KR,tiktok_ads
u002643,2026-08-15,ios,high,TW,meta_ads
u002644,2026-08-19,ios,high,US,google_ads
u002645,2026-08-18,ios,high,JP,organic
u002646,2026-09-05,android,mid,JP,organic
u002647,2026-08-22,android,high,TW,cross_promo
u002648,2026-08-27,android,high,JP,google_ads
u002649,2026-08-15,ios,high,KR,google_ads
u002650,2026-08-29,android,low,JP,organic
u002651,2026-08-23,android,mid,US,cross_promo
u002652,2026-08-25,android,high,OTHER,organic
u002653,2026-08-23,ios,mid,TW,organic
u002654,2026-08-21,android,mid,KR,tiktok_ads
u002655,2026-08-15,android,mid,KR,google_ads
u002656,2026-09-01,android,high,KR,organic
u002657,2026-08-24,ios,mid,KR,cross_promo
u002658,2026-08-20,ios,high,KR,organic
u002659,2026-08-23,ios,low,KR,tiktok_ads
u002660,2026-09-04,android,low,KR,meta_ads
u002661,2026-08-26,ios,mid,US,meta_ads
u002662,2026-08-31,android,mid,OTHER,google_ads
u002663,2026-08-29,android,low,KR,meta_ads
u002664,2026-08-29,android,high,KR,cross_promo
u002665,2026-08-28,ios,mid,KR,organic
u002666,2026-09-06,android,mid,OTHER,organic
u002667,2026-08-27,android,mid,US,google_ads
u002668,2026-08-26,android,high,KR,google_ads
u002669,2026-08-25,android,mid,KR,organic
u002670,2026-08-31,android,low,KR,tiktok_ads
u002671,2026-08-16,ios,high,JP,google_ads
u002672,2026-08-15,android,low,US,google_ads
u002673,2026-08-31,ios,high,KR,organic
u002674,2026-09-05,android,mid,OTHER,cross_promo
u002675,2026-08-30,android,high,KR,tiktok_ads
u002676,2026-08-30,ios,high,KR,meta_ads
u002677,2026-08-28,ios,high,JP,organic
u002678,2026-09-06,android,mid,US,meta_ads
u002679,2026-09-03,ios,low,JP,organic
u002680,2026-08-22,ios,mid,KR,meta_ads
u002681,2026-09-02,android,low,JP,meta_ads
u002682,2026-08-17,ios,mid,JP,organic
u002683,2026-08-26,ios,mid,JP,google_ads
u002684,2026-08-27,android,mid,US,google_ads
u002685,2026-09-02,ios,low,KR,cross_promo
u002686,2026-08-18,android,low,OTHER,organic
u002687,2026-08-26,android,mid,JP,meta_ads
u002688,2026-09-03,android,mid,US,organic
u002689,2026-09-02,ios,high,KR,organic
u002690,2026-09-06,ios,mid,KR,meta_ads
u002691,2026-08-24,ios,high,KR,organic
u002692,2026-08-18,ios,mid,JP,google_ads
u002693,2026-08-30,android,mid,TW,tiktok_ads
u002694,2026-09-01,android,mid,KR,organic
u002695,2026-08-29,android,low,KR,google_ads
u002696,2026-09-06,android,mid,TW,cross_promo
u002697,2026-08-24,android,high,KR,organic
u002698,2026-08-18,android,low,OTHER,cross_promo
u002699,2026-08-17,android,high,US,google_ads
u002700,2026-08-17,ios,high,KR,meta_ads
u002701,2026-08-17,android,mid,US,organic
u002702,2026-08-18,ios,mid,OTHER,organic
u002703,2026-08-16,android,mid,KR,organic
u002704,2026-09-05,ios,mid,KR,google_ads
u002705,2026-08-23,ios,low,JP,organic
u002706,2026-08-16,android,mid,KR,google_ads
u002707,2026-08-25,ios,high,US,google_ads
u002708,2026-08-20,ios,mid,TW,meta_ads
u002709,2026-08-20,android,high,KR,meta_ads
u002710,2026-08-19,android,mid,KR,tiktok_ads
u002711,2026-08-15,android,low,OTHER,tiktok_ads
u002712,2026-08-30,android,mid,JP,organic
u002713,2026-08-23,android,mid,JP,google_ads
u002714,2026-08-29,android,low,KR,google_ads
u002715,2026-09-04,android,mid,JP,organic
u002716,2026-09-05,ios,high,KR,google_ads
u002717,2026-08-31,ios,low,KR,meta_ads
u002718,2026-08-22,ios,mid,US,tiktok_ads
u002719,2026-08-20,ios,low,JP,organic
u002720,2026-08-19,ios,high,KR,google_ads
u002721,2026-08-23,android,mid,KR,google_ads
u002722,2026-08-26,ios,high,KR,meta_ads
u002723,2026-08-15,android,low,US,google_ads
u002724,2026-08-22,android,high,KR,meta_ads
u002725,2026-08-27,android,mid,US,tiktok_ads
u002726,2026-08-15,android,low,KR,organic
u002727,2026-08-17,ios,high,KR,cross_promo
u002728,2026-08-18,ios,high,US,organic
u002729,2026-08-30,android,high,KR,google_ads
u002730,2026-08-25,android,mid,OTHER,organic
u002731,2026-08-24,android,mid,JP,google_ads
u002732,2026-09-04,android,mid,KR,organic
u002733,2026-09-01,ios,high,KR,cross_promo
u002734,2026-08-31,ios,high,KR,google_ads
u002735,2026-08-24,ios,mid,KR,meta_ads
u002736,2026-08-26,ios,mid,TW,google_ads
u002737,2026-09-05,ios,mid,KR,organic
u002738,2026-08-25,android,low,KR,cross_promo
u002739,2026-09-06,android,mid,JP,meta_ads
u002740,2026-08-31,android,low,OTHER,meta_ads
u002741,2026-08-22,android,low,KR,google_ads
u002742,2026-09-01,android,mid,KR,organic
u002743,2026-08-29,android,high,JP,organic
u002744,2026-09-06,android,mid,US,organic
u002745,2026-08-23,android,mid,KR,organic
u002746,2026-09-02,ios,high,OTHER,meta_ads
u002747,2026-08-23,ios,low,OTHER,meta_ads
u002748,2026-08-18,ios,mid,KR,google_ads
u002749,2026-08-22,android,mid,US,meta_ads
u002750,2026-08-23,android,mid,TW,organic
u002751,2026-08-19,android,mid,KR,meta_ads
u002752,2026-09-05,android,low,KR,google_ads
u002753,2026-09-04,ios,high,JP,organic
u002754,2026-09-05,android,low,KR,meta_ads
u002755,2026-08-23,android,mid,KR,tiktok_ads
u002756,2026-08-29,android,mid,KR,organic
u002757,2026-08-30,android,low,KR,google_ads
u002758,2026-09-06,ios,mid,KR,cross_promo
u002759,2026-08-20,android,mid,OTHER,google_ads
u002760,2026-08-15,android,mid,JP,organic
u002761,2026-08-30,android,mid,KR,google_ads
u002762,2026-08-15,android,high,KR,google_ads
u002763,2026-08-23,android,low,KR,tiktok_ads
u002764,2026-09-04,android,low,US,tiktok_ads
u002765,2026-08-29,ios,high,TW,tiktok_ads
u002766,2026-09-06,android,high,KR,google_ads
u002767,2026-09-04,ios,mid,JP,organic
u002768,2026-08-27,android,low,KR,tiktok_ads
u002769,2026-08-24,android,mid,KR,organic
u002770,2026-08-15,ios,mid,KR,organic
u002771,2026-08-20,android,mid,US,organic
u002772,2026-09-06,android,mid,US,organic
u002773,2026-08-31,android,mid,KR,meta_ads
u002774,2026-09-01,android,low,TW,organic
u002775,2026-08-20,ios,mid,KR,tiktok_ads
u002776,2026-08-23,android,mid,KR,cross_promo
u002777,2026-08-16,android,high,US,organic
u002778,2026-09-06,ios,low,JP,tiktok_ads
u002779,2026-08-18,android,low,KR,meta_ads
u002780,2026-09-06,android,mid,KR,cross_promo
u002781,2026-08-31,android,low,OTHER,organic
u002782,2026-08-16,ios,low,US,organic
u002783,2026-08-17,android,mid,US,organic
u002784,2026-08-21,android,mid,KR,google_ads
u002785,2026-08-15,android,low,KR,google_ads
u002786,2026-08-19,android,low,US,meta_ads
u002787,2026-08-24,android,low,KR,organic
u002788,2026-08-23,android,high,JP,tiktok_ads
u002789,2026-08-31,ios,high,OTHER,organic
u002790,2026-08-31,android,mid,KR,organic
u002791,2026-08-30,android,low,OTHER,organic
u002792,2026-09-01,ios,mid,JP,tiktok_ads
u002793,2026-08-20,android,mid,KR,google_ads
u002794,2026-08-17,ios,mid,JP,organic
u002795,2026-08-20,ios,high,JP,meta_ads
u002796,2026-09-03,ios,mid,KR,google_ads
u002797,2026-08-18,ios,high,KR,organic
u002798,2026-08-21,ios,high,KR,organic
u002799,2026-08-21,ios,mid,JP,tiktok_ads
u002800,2026-09-06,android,mid,KR,google_ads
u002801,2026-08-19,android,low,KR,meta_ads
u002802,2026-08-23,android,low,JP,organic
u002803,2026-08-20,ios,mid,KR,meta_ads
u002804,2026-08-28,android,low,KR,google_ads
u002805,2026-08-25,android,low,US,organic
u002806,2026-09-01,android,mid,KR,tiktok_ads
u002807,2026-09-01,android,mid,KR,tiktok_ads
u002808,2026-08-25,ios,high,JP,google_ads
u002809,2026-08-22,ios,mid,OTHER,organic
u002810,2026-08-24,ios,high,KR,meta_ads
u002811,2026-09-04,android,high,OTHER,tiktok_ads
u002812,2026-09-05,android,low,KR,meta_ads
u002813,2026-09-04,android,mid,KR,meta_ads
u002814,2026-08-30,android,high,TW,organic
u002815,2026-08-24,ios,mid,KR,google_ads
u002816,2026-08-15,ios,high,KR,organic
u002817,2026-08-25,android,high,KR,tiktok_ads
u002818,2026-08-27,android,high,US,google_ads
u002819,2026-08-20,ios,low,KR,meta_ads
u002820,2026-08-22,android,mid,US,organic
u002821,2026-08-15,ios,high,JP,organic
u002822,2026-08-24,android,low,KR,google_ads
u002823,2026-09-01,ios,mid,TW,google_ads
u002824,2026-08-30,android,low,TW,google_ads
u002825,2026-09-04,ios,high,US,organic
u002826,2026-08-24,ios,low,KR,google_ads
u002827,2026-08-30,ios,low,KR,tiktok_ads
u002828,2026-08-27,android,low,KR,tiktok_ads
u002829,2026-09-05,android,low,KR,organic
u002830,2026-08-20,ios,low,JP,organic
u002831,2026-08-28,android,high,TW,tiktok_ads
u002832,2026-08-28,ios,mid,TW,organic
u002833,2026-08-16,android,low,KR,organic
u002834,2026-08-31,android,mid,KR,meta_ads
u002835,2026-09-06,android,mid,KR,google_ads
u002836,2026-09-03,android,mid,KR,meta_ads
u002837,2026-09-01,android,high,KR,tiktok_ads
u002838,2026-08-28,android,mid,JP,meta_ads
u002839,2026-09-04,ios,high,US,google_ads
u002840,2026-08-20,ios,high,JP,organic
u002841,2026-08-19,ios,mid,US,organic
u002842,2026-09-04,android,mid,US,google_ads
u002843,2026-09-04,ios,high,KR,organic
u002844,2026-08-17,ios,high,US,meta_ads
u002845,2026-09-05,ios,mid,KR,organic
u002846,2026-08-21,ios,mid,US,google_ads
u002847,2026-08-17,ios,mid,KR,tiktok_ads
u002848,2026-09-02,android,low,OTHER,organic
u002849,2026-08-28,android,low,JP,google_ads
u002850,2026-08-22,android,low,JP,meta_ads
u002851,2026-09-06,android,low,US,tiktok_ads
u002852,2026-08-24,android,high,KR,meta_ads
u002853,2026-09-06,android,mid,TW,cross_promo
u002854,2026-08-29,android,high,JP,organic
u002855,2026-08-18,ios,mid,OTHER,google_ads
u002856,2026-08-26,android,low,JP,google_ads
u002857,2026-08-15,ios,mid,TW,organic
u002858,2026-09-03,android,low,KR,meta_ads
u002859,2026-08-25,ios,mid,US,tiktok_ads
u002860,2026-09-04,ios,high,US,tiktok_ads
u002861,2026-08-19,ios,mid,OTHER,meta_ads
u002862,2026-08-27,android,low,TW,tiktok_ads
u002863,2026-08-20,ios,mid,US,google_ads
u002864,2026-09-01,android,mid,KR,organic
u002865,2026-08-18,android,low,KR,google_ads
u002866,2026-09-03,android,low,US,google_ads
u002867,2026-08-26,android,low,KR,tiktok_ads
u002868,2026-09-06,android,mid,OTHER,organic
u002869,2026-08-20,android,low,JP,google_ads
u002870,2026-08-15,android,low,KR,meta_ads
u002871,2026-08-21,android,mid,US,google_ads
u002872,2026-08-17,android,mid,KR,meta_ads
u002873,2026-08-27,ios,high,KR,meta_ads
u002874,2026-08-28,android,mid,TW,meta_ads
u002875,2026-08-19,android,low,US,google_ads
u002876,2026-09-04,android,mid,KR,google_ads
u002877,2026-09-03,android,low,KR,organic
u002878,2026-08-30,android,mid,TW,meta_ads
u002879,2026-09-02,ios,high,TW,organic
u002880,2026-09-02,ios,low,US,cross_promo
u002881,2026-09-05,ios,mid,KR,organic
u002882,2026-08-24,ios,mid,KR,meta_ads
u002883,2026-08-28,android,mid,OTHER,meta_ads
u002884,2026-09-01,ios,mid,KR,organic
u002885,2026-08-15,ios,low,KR,tiktok_ads
u002886,2026-08-22,android,mid,KR,organic
u002887,2026-09-02,android,high,KR,organic
u002888,2026-09-02,ios,high,KR,organic
u002889,2026-08-31,ios,mid,KR,organic
u002890,2026-08-18,android,high,KR,google_ads
u002891,2026-08-16,ios,low,KR,organic
u002892,2026-08-31,ios,mid,JP,cross_promo
u002893,2026-08-31,ios,mid,KR,organic
u002894,2026-08-15,ios,mid,KR,google_ads
u002895,2026-08-30,ios,high,KR,tiktok_ads
u002896,2026-08-21,ios,mid,OTHER,google_ads
u002897,2026-08-20,ios,mid,KR,organic
u002898,2026-09-01,ios,mid,US,google_ads
u002899,2026-09-01,android,mid,KR,organic
u002900,2026-08-16,android,low,KR,google_ads
u002901,2026-08-21,android,high,KR,organic
u002902,2026-08-30,android,mid,KR,tiktok_ads
u002903,2026-08-18,android,mid,TW,organic
u002904,2026-08-16,android,low,KR,organic
u002905,2026-08-20,android,mid,KR,meta_ads
u002906,2026-08-19,ios,high,OTHER,google_ads
u002907,2026-09-01,ios,high,JP,organic
u002908,2026-09-01,android,low,KR,meta_ads
u002909,2026-08-17,android,high,JP,meta_ads
u002910,2026-08-15,ios,mid,TW,meta_ads
u002911,2026-09-01,android,mid,JP,organic
u002912,2026-09-05,android,high,US,cross_promo
u002913,2026-08-30,android,high,KR,organic
u002914,2026-08-31,ios,mid,KR,meta_ads
u002915,2026-08-28,ios,mid,KR,meta_ads
u002916,2026-08-15,ios,mid,KR,organic
u002917,2026-08-29,android,low,KR,cross_promo
u002918,2026-08-15,android,low,JP,organic
u002919,2026-08-17,ios,mid,KR,tiktok_ads
u002920,2026-08-31,ios,mid,KR,tiktok_ads
u002921,2026-08-16,android,high,KR,meta_ads
u002922,2026-09-02,android,high,OTHER,meta_ads
u002923,2026-09-06,android,mid,KR,google_ads
u002924,2026-08-27,android,high,OTHER,meta_ads
u002925,2026-08-20,android,mid,OTHER,meta_ads
u002926,2026-08-22,android,mid,KR,tiktok_ads
u002927,2026-08-19,android,mid,KR,google_ads
u002928,2026-08-27,android,low,OTHER,tiktok_ads
u002929,2026-08-22,android,low,KR,organic
u002930,2026-09-02,android,low,KR,tiktok_ads
u002931,2026-09-02,ios,mid,KR,google_ads
u002932,2026-09-05,android,mid,OTHER,meta_ads
u002933,2026-08-19,android,mid,KR,organic
u002934,2026-08-21,android,high,KR,tiktok_ads
u002935,2026-08-27,ios,low,US,tiktok_ads
u002936,2026-08-24,android,low,KR,google_ads
u002937,2026-08-17,android,low,JP,organic
u002938,2026-08-31,ios,high,KR,tiktok_ads
u002939,2026-08-18,ios,high,US,meta_ads
u002940,2026-08-20,android,high,KR,organic
u002941,2026-09-06,ios,mid,KR,tiktok_ads
u002942,2026-08-16,ios,high,KR,tiktok_ads
u002943,2026-08-27,ios,high,US,tiktok_ads
u002944,2026-08-16,android,mid,JP,google_ads
u002945,2026-08-17,android,low,US,google_ads
u002946,2026-08-30,android,high,KR,tiktok_ads
u002947,2026-08-27,android,high,KR,organic
u002948,2026-08-24,android,low,JP,google_ads
u002949,2026-08-19,android,high,JP,google_ads
u002950,2026-08-29,ios,high,KR,meta_ads
u002951,2026-08-30,ios,mid,KR,meta_ads
u002952,2026-08-30,android,low,JP,meta_ads
u002953,2026-08-21,ios,low,US,meta_ads
u002954,2026-08-20,ios,mid,KR,google_ads
u002955,2026-08-24,android,mid,KR,organic
u002956,2026-08-29,ios,high,US,tiktok_ads
u002957,2026-08-15,android,high,KR,meta_ads
u002958,2026-08-26,android,low,KR,organic
u002959,2026-09-04,ios,mid,JP,meta_ads
u002960,2026-08-19,android,low,KR,organic
u002961,2026-08-21,ios,mid,KR,organic
u002962,2026-09-01,android,low,KR,organic
u002963,2026-09-01,android,mid,OTHER,google_ads
u002964,2026-08-16,ios,mid,KR,google_ads
u002965,2026-08-30,android,low,KR,tiktok_ads
u002966,2026-09-01,ios,high,KR,organic
u002967,2026-08-21,ios,mid,KR,google_ads
u002968,2026-08-29,ios,mid,KR,organic
u002969,2026-09-03,ios,mid,KR,meta_ads
u002970,2026-08-28,ios,low,KR,organic
u002971,2026-08-29,android,mid,KR,google_ads
u002972,2026-09-06,android,high,KR,tiktok_ads
u002973,2026-08-20,android,mid,JP,meta_ads
u002974,2026-09-03,android,mid,KR,google_ads
u002975,2026-09-05,ios,high,TW,organic
u002976,2026-09-02,android,mid,KR,meta_ads
u002977,2026-08-23,android,mid,KR,organic
u002978,2026-08-17,ios,mid,KR,google_ads
u002979,2026-08-23,android,low,US,google_ads
u002980,2026-08-30,ios,mid,KR,meta_ads
u002981,2026-09-06,android,low,KR,meta_ads
u002982,2026-08-31,android,high,JP,tiktok_ads
u002983,2026-08-22,ios,mid,KR,google_ads
u002984,2026-08-28,android,high,JP,meta_ads
u002985,2026-08-20,ios,mid,OTHER,meta_ads
u002986,2026-08-23,ios,mid,KR,tiktok_ads
u002987,2026-08-21,android,mid,KR,tiktok_ads
u002988,2026-08-16,android,low,KR,organic
u002989,2026-08-23,ios,mid,US,google_ads
u002990,2026-08-25,ios,mid,KR,google_ads
u002991,2026-09-05,ios,mid,KR,tiktok_ads
u002992,2026-08-17,ios,mid,KR,organic
u002993,2026-08-24,android,low,US,organic
u002994,2026-08-22,android,low,KR,tiktok_ads
u002995,2026-08-22,android,mid,US,meta_ads
u002996,2026-08-21,android,mid,JP,google_ads
u002997,2026-08-16,android,mid,US,meta_ads
u002998,2026-08-20,android,mid,KR,organic
u002999,2026-08-16,android,high,US,meta_ads
u003000,2026-09-03,ios,mid,KR,meta_ads
u003001,2026-08-23,ios,mid,KR,organic
u003002,2026-08-27,ios,high,KR,tiktok_ads
u003003,2026-08-29,android,high,KR,google_ads
u003004,2026-08-27,android,mid,OTHER,organic
u003005,2026-09-01,android,low,OTHER,tiktok_ads
u003006,2026-08-19,android,mid,JP,organic
u003007,2026-08-20,ios,high,TW,organic
u003008,2026-09-06,android,mid,KR,organic
u003009,2026-08-15,android,low,KR,meta_ads
u003010,2026-09-01,android,high,KR,cross_promo
u003011,2026-09-01,android,mid,KR,google_ads
u003012,2026-09-03,ios,high,KR,google_ads
u003013,2026-08-17,android,high,KR,google_ads
u003014,2026-08-29,ios,high,KR,meta_ads
u003015,2026-08-26,ios,high,KR,cross_promo
u003016,2026-08-21,android,low,KR,organic
u003017,2026-08-26,ios,mid,US,meta_ads
u003018,2026-09-05,android,mid,JP,google_ads
u003019,2026-08-16,ios,high,KR,organic
u003020,2026-08-30,android,mid,KR,organic
u003021,2026-08-21,ios,mid,JP,google_ads
u003022,2026-08-26,ios,high,TW,cross_promo
u003023,2026-09-04,android,high,KR,tiktok_ads
u003024,2026-08-24,android,mid,TW,cross_promo
u003025,2026-08-26,android,low,US,organic
u003026,2026-08-27,android,low,KR,google_ads
u003027,2026-08-28,android,high,TW,cross_promo
u003028,2026-08-27,android,high,KR,organic
u003029,2026-09-02,android,low,OTHER,google_ads
u003030,2026-09-04,android,high,KR,tiktok_ads
u003031,2026-08-27,android,low,US,meta_ads
u003032,2026-08-31,ios,mid,KR,tiktok_ads
u003033,2026-08-29,android,low,KR,organic
u003034,2026-08-16,ios,mid,KR,tiktok_ads
u003035,2026-08-20,android,high,JP,google_ads
u003036,2026-09-04,ios,high,KR,meta_ads
u003037,2026-08-31,ios,low,KR,organic
u003038,2026-08-21,android,low,KR,tiktok_ads
u003039,2026-08-26,android,low,JP,tiktok_ads
u003040,2026-09-05,android,mid,KR,tiktok_ads
u003041,2026-09-05,android,mid,JP,organic
u003042,2026-08-27,ios,high,KR,organic
u003043,2026-09-06,ios,mid,KR,organic
u003044,2026-08-19,android,low,US,google_ads
u003045,2026-09-04,android,mid,TW,meta_ads
u003046,2026-08-19,ios,mid,US,tiktok_ads
u003047,2026-08-30,android,mid,KR,google_ads
u003048,2026-09-05,ios,mid,US,tiktok_ads
u003049,2026-09-04,ios,low,OTHER,google_ads
u003050,2026-08-17,android,mid,KR,meta_ads
u003051,2026-09-05,android,low,KR,google_ads
u003052,2026-08-19,android,mid,US,meta_ads
u003053,2026-08-24,android,low,TW,organic
u003054,2026-08-17,android,low,KR,tiktok_ads
u003055,2026-08-25,android,high,KR,organic
u003056,2026-09-03,ios,mid,KR,google_ads
u003057,2026-09-01,android,low,KR,organic
u003058,2026-08-30,android,high,TW,meta_ads
u003059,2026-08-19,ios,high,OTHER,organic
u003060,2026-09-02,ios,mid,KR,meta_ads
u003061,2026-09-05,android,mid,TW,meta_ads
u003062,2026-08-24,android,low,KR,google_ads
u003063,2026-09-01,android,high,KR,google_ads
u003064,2026-08-19,android,low,KR,organic
u003065,2026-09-04,android,mid,KR,meta_ads
u003066,2026-08-24,android,mid,OTHER,meta_ads
u003067,2026-08-23,android,low,KR,organic
u003068,2026-08-20,android,mid,KR,cross_promo
u003069,2026-08-21,ios,low,KR,organic
u003070,2026-08-15,ios,high,KR,organic
u003071,2026-09-03,android,mid,US,meta_ads
u003072,2026-08-17,android,low,KR,meta_ads
u003073,2026-09-06,android,high,KR,meta_ads
u003074,2026-08-15,ios,mid,US,organic
u003075,2026-08-28,android,high,KR,organic
u003076,2026-08-29,ios,mid,OTHER,organic
u003077,2026-08-23,ios,mid,JP,cross_promo
u003078,2026-08-28,ios,mid,KR,meta_ads
u003079,2026-08-30,android,mid,KR,tiktok_ads
u003080,2026-08-31,ios,mid,KR,tiktok_ads
u003081,2026-08-26,android,high,KR,organic
u003082,2026-08-30,ios,mid,JP,tiktok_ads
u003083,2026-09-04,android,low,KR,organic
u003084,2026-08-25,ios,mid,JP,tiktok_ads
u003085,2026-08-23,android,high,TW,organic
u003086,2026-08-26,ios,high,KR,organic
u003087,2026-08-23,android,mid,KR,google_ads
u003088,2026-08-19,ios,mid,US,organic
u003089,2026-09-01,ios,high,KR,organic
u003090,2026-08-27,ios,mid,KR,tiktok_ads
u003091,2026-08-15,ios,mid,JP,organic
u003092,2026-08-28,ios,high,OTHER,organic
u003093,2026-08-25,ios,high,KR,meta_ads
u003094,2026-09-05,android,mid,KR,organic
u003095,2026-08-29,android,low,KR,tiktok_ads
u003096,2026-09-03,android,low,KR,meta_ads
u003097,2026-08-16,android,low,US,meta_ads
u003098,2026-09-03,android,mid,KR,meta_ads
u003099,2026-09-06,android,mid,US,tiktok_ads
u003100,2026-08-17,android,mid,US,google_ads
u003101,2026-08-24,android,high,KR,tiktok_ads
u003102,2026-08-20,ios,mid,KR,organic
u003103,2026-08-18,ios,high,KR,google_ads
u003104,2026-08-19,android,high,KR,meta_ads
u003105,2026-09-03,android,low,KR,meta_ads
u003106,2026-09-02,android,low,KR,tiktok_ads
u003107,2026-08-20,android,high,KR,google_ads
u003108,2026-08-28,android,low,KR,google_ads
u003109,2026-08-30,android,low,US,google_ads
u003110,2026-09-01,android,mid,KR,tiktok_ads
u003111,2026-08-26,ios,mid,KR,meta_ads
u003112,2026-08-19,android,low,JP,google_ads
u003113,2026-08-21,android,mid,JP,organic
u003114,2026-09-02,android,mid,JP,organic
u003115,2026-09-02,android,mid,OTHER,organic
u003116,2026-08-23,ios,mid,KR,organic
u003117,2026-08-22,android,high,KR,meta_ads
u003118,2026-08-21,android,mid,KR,organic
u003119,2026-08-18,android,mid,KR,cross_promo
u003120,2026-09-05,android,high,US,organic
u003121,2026-09-02,ios,high,OTHER,meta_ads
u003122,2026-08-21,ios,high,KR,cross_promo
u003123,2026-09-02,ios,high,JP,organic
u003124,2026-08-18,ios,mid,KR,organic
u003125,2026-08-26,android,mid,TW,tiktok_ads
u003126,2026-08-28,android,high,KR,cross_promo
u003127,2026-09-01,ios,mid,KR,tiktok_ads
u003128,2026-08-31,ios,mid,US,meta_ads
u003129,2026-08-23,android,mid,TW,meta_ads
u003130,2026-08-23,android,low,JP,google_ads
u003131,2026-08-24,android,mid,KR,tiktok_ads
u003132,2026-08-30,android,low,KR,tiktok_ads
u003133,2026-09-04,ios,mid,KR,cross_promo
u003134,2026-08-31,ios,mid,KR,meta_ads
u003135,2026-08-29,ios,high,KR,google_ads
u003136,2026-08-22,ios,mid,KR,organic
u003137,2026-08-29,android,high,KR,tiktok_ads
u003138,2026-08-25,android,mid,KR,meta_ads
u003139,2026-09-05,ios,high,KR,google_ads
u003140,2026-09-04,android,low,TW,tiktok_ads
u003141,2026-08-21,android,high,OTHER,google_ads
u003142,2026-08-23,android,low,KR,organic
u003143,2026-09-04,android,low,KR,organic
u003144,2026-09-06,android,mid,JP,meta_ads
u003145,2026-08-22,android,mid,US,meta_ads
u003146,2026-08-26,android,mid,KR,meta_ads
u003147,2026-08-29,android,high,US,organic
u003148,2026-08-21,ios,high,KR,tiktok_ads
u003149,2026-09-02,android,high,US,organic
u003150,2026-08-16,android,mid,KR,cross_promo
u003151,2026-08-27,android,high,KR,google_ads
u003152,2026-08-22,android,high,KR,organic
u003153,2026-08-18,android,low,KR,google_ads
u003154,2026-08-29,android,low,KR,meta_ads
u003155,2026-08-27,android,low,KR,google_ads
u003156,2026-08-24,android,low,KR,organic
u003157,2026-08-22,android,mid,US,meta_ads
u003158,2026-09-04,ios,mid,US,meta_ads
u003159,2026-08-25,ios,high,JP,google_ads
u003160,2026-08-28,ios,mid,KR,meta_ads
u003161,2026-08-28,ios,mid,KR,meta_ads
u003162,2026-08-26,ios,high,TW,tiktok_ads
u003163,2026-08-29,android,mid,KR,meta_ads
u003164,2026-08-22,android,mid,JP,google_ads
u003165,2026-08-16,android,low,KR,meta_ads
u003166,2026-08-31,ios,mid,KR,tiktok_ads
u003167,2026-08-29,android,high,TW,meta_ads
u003168,2026-08-27,ios,mid,JP,meta_ads
u003169,2026-08-15,android,mid,KR,organic
u003170,2026-08-16,ios,high,JP,organic
u003171,2026-08-30,ios,high,JP,meta_ads
u003172,2026-08-19,android,low,US,tiktok_ads
u003173,2026-09-05,android,mid,KR,meta_ads
u003174,2026-08-19,android,mid,KR,organic
u003175,2026-08-21,ios,low,KR,meta_ads
u003176,2026-08-23,android,high,KR,tiktok_ads
u003177,2026-08-17,android,mid,JP,organic
u003178,2026-08-22,android,high,JP,organic
u003179,2026-08-28,android,low,KR,google_ads
u003180,2026-09-05,android,low,JP,cross_promo
u003181,2026-08-25,android,low,TW,organic
u003182,2026-08-17,ios,mid,KR,organic
u003183,2026-08-28,ios,high,TW,organic
u003184,2026-08-24,ios,high,JP,meta_ads
u003185,2026-08-16,android,mid,KR,organic
u003186,2026-08-31,ios,mid,KR,meta_ads
u003187,2026-08-23,ios,mid,KR,meta_ads
u003188,2026-08-17,ios,mid,OTHER,meta_ads
u003189,2026-08-24,ios,low,OTHER,tiktok_ads
u003190,2026-08-27,ios,mid,OTHER,organic
u003191,2026-08-15,android,high,JP,meta_ads
u003192,2026-09-03,android,mid,TW,google_ads
u003193,2026-09-02,android,mid,JP,meta_ads
u003194,2026-08-20,android,high,KR,meta_ads
u003195,2026-09-01,ios,low,KR,meta_ads
u003196,2026-08-23,ios,low,KR,google_ads
u003197,2026-08-22,ios,mid,JP,google_ads
u003198,2026-08-28,android,mid,TW,organic
u003199,2026-08-27,android,low,KR,meta_ads
u003200,2026-09-06,ios,high,JP,cross_promo
u003201,2026-08-20,ios,high,KR,google_ads
u003202,2026-09-05,android,high,KR,google_ads
u003203,2026-08-23,ios,mid,KR,organic
u003204,2026-09-02,android,high,KR,organic
u003205,2026-08-21,android,mid,KR,google_ads
u003206,2026-08-18,android,low,KR,google_ads
u003207,2026-08-26,ios,high,KR,organic
u003208,2026-09-04,android,high,KR,organic
u003209,2026-08-17,android,low,KR,cross_promo
u003210,2026-08-23,android,high,US,meta_ads
u003211,2026-08-25,android,mid,KR,google_ads
u003212,2026-08-27,ios,high,KR,cross_promo
u003213,2026-08-29,ios,mid,KR,google_ads
u003214,2026-08-17,ios,mid,KR,google_ads
u003215,2026-08-24,android,low,KR,tiktok_ads
u003216,2026-08-25,ios,mid,JP,organic
u003217,2026-08-28,android,low,OTHER,meta_ads
u003218,2026-09-01,android,mid,KR,tiktok_ads
u003219,2026-08-28,android,high,KR,organic
u003220,2026-08-30,android,mid,KR,organic
u003221,2026-08-28,android,low,KR,google_ads
u003222,2026-08-28,android,high,JP,tiktok_ads
u003223,2026-08-27,android,mid,KR,organic
u003224,2026-08-20,ios,high,US,google_ads
u003225,2026-09-01,android,mid,KR,organic
u003226,2026-09-01,android,high,KR,organic
u003227,2026-09-06,ios,mid,OTHER,organic
u003228,2026-08-28,ios,high,KR,tiktok_ads
u003229,2026-08-28,android,low,US,tiktok_ads
u003230,2026-08-26,ios,high,OTHER,tiktok_ads
u003231,2026-08-21,ios,high,OTHER,tiktok_ads
u003232,2026-08-23,ios,mid,KR,organic
u003233,2026-08-31,android,low,JP,meta_ads
u003234,2026-09-04,ios,high,KR,tiktok_ads
u003235,2026-08-24,android,mid,KR,organic
u003236,2026-08-29,android,low,KR,google_ads
u003237,2026-08-22,ios,mid,TW,organic
u003238,2026-08-23,ios,high,US,organic
u003239,2026-08-25,ios,mid,KR,organic
u003240,2026-08-27,android,mid,KR,google_ads
u003241,2026-08-30,android,mid,KR,google_ads
u003242,2026-08-16,android,low,KR,google_ads
u003243,2026-09-03,ios,high,KR,google_ads
u003244,2026-09-01,ios,high,KR,organic
u003245,2026-09-02,android,mid,KR,google_ads
u003246,2026-09-01,android,low,KR,organic
u003247,2026-09-03,android,low,KR,meta_ads
u003248,2026-08-26,android,low,KR,meta_ads
u003249,2026-08-17,ios,high,KR,google_ads
u003250,2026-08-27,ios,high,KR,tiktok_ads
u003251,2026-09-05,android,low,KR,organic
u003252,2026-08-31,android,low,OTHER,meta_ads
u003253,2026-08-30,android,low,KR,organic
u003254,2026-08-29,android,mid,JP,meta_ads
u003255,2026-08-19,android,high,KR,tiktok_ads
u003256,2026-08-31,android,low,US,organic
u003257,2026-08-19,android,mid,KR,google_ads
u003258,2026-08-26,android,high,KR,google_ads
u003259,2026-09-06,android,low,JP,meta_ads
u003260,2026-08-26,android,mid,OTHER,google_ads
u003261,2026-08-17,android,high,KR,meta_ads
u003262,2026-08-18,ios,mid,KR,meta_ads
u003263,2026-09-03,android,low,KR,tiktok_ads
u003264,2026-08-19,android,low,US,organic
u003265,2026-08-31,android,mid,KR,organic
u003266,2026-09-06,ios,low,KR,cross_promo
u003267,2026-08-23,android,low,KR,google_ads
u003268,2026-08-26,ios,high,KR,tiktok_ads
u003269,2026-09-01,ios,high,KR,cross_promo
u003270,2026-08-29,ios,mid,KR,organic
u003271,2026-08-21,ios,mid,KR,organic
u003272,2026-08-30,ios,high,US,tiktok_ads
u003273,2026-09-04,ios,high,JP,google_ads
u003274,2026-09-04,android,high,KR,cross_promo
u003275,2026-08-18,ios,mid,TW,organic
u003276,2026-08-25,android,low,OTHER,google_ads
u003277,2026-09-05,ios,mid,JP,organic
u003278,2026-08-30,ios,low,KR,organic
u003279,2026-08-18,android,mid,TW,meta_ads
u003280,2026-08-30,ios,high,KR,tiktok_ads
u003281,2026-08-29,android,mid,JP,meta_ads
u003282,2026-09-03,android,mid,TW,tiktok_ads
u003283,2026-08-24,android,mid,KR,organic
u003284,2026-09-03,android,low,KR,google_ads
u003285,2026-08-22,ios,high,US,cross_promo
u003286,2026-08-22,android,mid,OTHER,tiktok_ads
u003287,2026-09-05,android,low,KR,meta_ads
u003288,2026-08-24,android,low,KR,google_ads
u003289,2026-09-03,ios,high,KR,organic
u003290,2026-09-06,android,low,TW,organic
u003291,2026-08-26,ios,high,KR,tiktok_ads
u003292,2026-08-30,ios,high,KR,meta_ads
u003293,2026-08-18,android,mid,KR,organic
u003294,2026-08-30,android,high,US,google_ads
u003295,2026-08-22,android,high,JP,cross_promo
u003296,2026-08-15,ios,mid,OTHER,organic
u003297,2026-09-05,android,low,KR,organic
u003298,2026-08-24,ios,high,JP,google_ads
u003299,2026-08-22,android,high,KR,tiktok_ads
u003300,2026-09-04,ios,high,KR,google_ads
u003301,2026-08-26,ios,high,TW,meta_ads
u003302,2026-08-24,ios,mid,KR,organic
u003303,2026-09-06,android,low,TW,meta_ads
u003304,2026-08-29,android,high,JP,google_ads
u003305,2026-08-27,android,mid,JP,google_ads
u003306,2026-08-19,android,low,JP,organic
u003307,2026-08-15,ios,high,US,tiktok_ads
u003308,2026-08-26,android,low,JP,meta_ads
u003309,2026-08-15,android,high,KR,organic
u003310,2026-09-05,ios,low,TW,google_ads
u003311,2026-08-28,android,low,US,meta_ads
u003312,2026-08-15,ios,mid,KR,organic
u003313,2026-08-25,ios,high,KR,meta_ads
u003314,2026-08-28,ios,high,KR,google_ads
u003315,2026-08-18,android,low,KR,meta_ads
u003316,2026-09-04,android,high,JP,google_ads
u003317,2026-09-01,ios,high,KR,tiktok_ads
u003318,2026-08-16,android,mid,JP,meta_ads
u003319,2026-08-16,ios,low,OTHER,meta_ads
u003320,2026-08-16,ios,high,KR,meta_ads
u003321,2026-08-19,ios,high,TW,tiktok_ads
u003322,2026-08-31,android,low,TW,organic
u003323,2026-08-16,android,low,KR,organic
u003324,2026-08-28,android,mid,OTHER,cross_promo
u003325,2026-08-20,android,mid,KR,organic
u003326,2026-08-26,ios,mid,JP,google_ads
u003327,2026-08-29,ios,high,KR,tiktok_ads
u003328,2026-08-16,android,high,KR,meta_ads
u003329,2026-08-27,ios,mid,TW,meta_ads
u003330,2026-09-01,android,low,TW,cross_promo
u003331,2026-08-28,android,mid,JP,google_ads
u003332,2026-08-24,android,mid,KR,meta_ads
u003333,2026-08-17,ios,low,KR,google_ads
u003334,2026-08-18,ios,high,KR,meta_ads
u003335,2026-09-04,ios,mid,US,organic
u003336,2026-08-23,android,mid,JP,organic
u003337,2026-08-26,ios,low,JP,organic
u003338,2026-08-22,ios,high,KR,organic
u003339,2026-08-21,ios,mid,JP,google_ads
u003340,2026-08-17,ios,high,TW,organic
u003341,2026-08-23,ios,mid,KR,meta_ads
u003342,2026-09-03,android,mid,JP,organic
u003343,2026-09-05,ios,high,JP,tiktok_ads
u003344,2026-08-17,android,mid,JP,meta_ads
u003345,2026-08-30,android,mid,KR,meta_ads
u003346,2026-08-22,android,low,KR,tiktok_ads
u003347,2026-08-27,ios,high,US,meta_ads
u003348,2026-08-25,ios,high,KR,meta_ads
u003349,2026-08-27,android,low,KR,organic
u003350,2026-08-27,android,mid,KR,meta_ads
u003351,2026-08-27,android,high,OTHER,meta_ads
u003352,2026-08-25,android,low,US,google_ads
u003353,2026-09-05,android,high,US,meta_ads
u003354,2026-09-05,android,low,KR,organic
u003355,2026-08-22,android,low,KR,meta_ads
u003356,2026-08-18,android,low,KR,google_ads
u003357,2026-08-29,ios,mid,JP,tiktok_ads
u003358,2026-08-17,ios,high,KR,google_ads
u003359,2026-09-01,ios,high,KR,google_ads
u003360,2026-09-06,android,low,JP,meta_ads
u003361,2026-08-31,android,low,KR,meta_ads
u003362,2026-08-21,ios,mid,KR,cross_promo
u003363,2026-09-06,android,low,KR,organic
u003364,2026-09-04,android,mid,TW,meta_ads
u003365,2026-08-24,ios,low,JP,organic
u003366,2026-08-16,android,high,KR,google_ads
u003367,2026-09-06,android,mid,JP,organic
u003368,2026-08-26,android,mid,KR,tiktok_ads
u003369,2026-09-01,android,high,OTHER,organic
u003370,2026-08-17,ios,high,JP,google_ads
u003371,2026-08-30,android,mid,KR,tiktok_ads
u003372,2026-08-26,ios,low,KR,organic
u003373,2026-09-04,android,high,KR,meta_ads
u003374,2026-08-28,ios,high,KR,organic
u003375,2026-08-29,ios,low,OTHER,organic
u003376,2026-09-01,android,mid,US,google_ads
u003377,2026-08-17,android,low,KR,organic
u003378,2026-09-04,android,mid,KR,google_ads
u003379,2026-08-28,android,low,OTHER,tiktok_ads
u003380,2026-08-17,ios,high,KR,google_ads
u003381,2026-08-29,android,mid,KR,google_ads
u003382,2026-08-20,android,mid,US,tiktok_ads
u003383,2026-08-27,ios,mid,KR,tiktok_ads
u003384,2026-08-17,ios,low,KR,organic
u003385,2026-08-20,android,low,OTHER,google_ads
u003386,2026-08-24,android,mid,KR,google_ads
u003387,2026-08-23,android,high,KR,google_ads
u003388,2026-08-20,ios,mid,JP,organic
u003389,2026-08-29,android,low,TW,meta_ads
u003390,2026-08-19,android,low,JP,google_ads
u003391,2026-08-18,ios,mid,KR,organic
u003392,2026-09-06,android,low,JP,tiktok_ads
u003393,2026-08-18,ios,low,KR,google_ads
u003394,2026-08-17,ios,mid,KR,google_ads
u003395,2026-08-18,ios,low,KR,tiktok_ads
u003396,2026-09-03,android,low,TW,cross_promo
u003397,2026-09-01,android,high,US,organic
u003398,2026-08-22,android,mid,KR,google_ads
u003399,2026-08-22,android,mid,KR,google_ads
u003400,2026-08-21,android,mid,OTHER,tiktok_ads
u003401,2026-08-22,ios,mid,KR,organic
u003402,2026-08-18,ios,mid,KR,tiktok_ads
u003403,2026-09-05,android,low,US,google_ads
u003404,2026-08-17,android,low,KR,organic
u003405,2026-08-21,ios,mid,JP,tiktok_ads
u003406,2026-08-16,android,high,US,google_ads
u003407,2026-08-20,ios,high,KR,google_ads
u003408,2026-09-03,ios,mid,KR,organic
u003409,2026-08-15,android,high,KR,google_ads
u003410,2026-08-31,ios,high,KR,tiktok_ads
u003411,2026-08-30,ios,high,KR,organic
u003412,2026-09-03,android,high,KR,google_ads
u003413,2026-08-23,android,high,JP,organic
u003414,2026-09-06,ios,mid,KR,google_ads
u003415,2026-09-05,android,low,JP,organic
u003416,2026-08-31,android,mid,KR,cross_promo
u003417,2026-08-23,ios,mid,KR,meta_ads
u003418,2026-08-15,android,low,US,meta_ads
u003419,2026-08-26,android,low,KR,organic
u003420,2026-08-31,ios,high,KR,google_ads
u003421,2026-08-24,ios,low,KR,organic
u003422,2026-09-01,ios,mid,US,meta_ads
u003423,2026-08-24,ios,high,US,meta_ads
u003424,2026-08-24,android,mid,KR,organic
u003425,2026-08-28,ios,high,US,cross_promo
u003426,2026-08-22,ios,mid,KR,tiktok_ads
u003427,2026-08-30,ios,low,OTHER,tiktok_ads
u003428,2026-09-03,android,low,KR,meta_ads
u003429,2026-08-19,android,mid,KR,organic
u003430,2026-08-30,android,mid,US,meta_ads
u003431,2026-08-31,android,mid,JP,organic
u003432,2026-09-03,android,low,KR,google_ads
u003433,2026-09-04,android,low,KR,organic
u003434,2026-08-16,android,high,KR,meta_ads
u003435,2026-08-16,android,mid,KR,google_ads
u003436,2026-08-19,ios,high,OTHER,google_ads
u003437,2026-08-27,android,mid,KR,google_ads
u003438,2026-08-25,android,low,TW,meta_ads
u003439,2026-08-24,android,low,KR,organic
u003440,2026-09-03,ios,high,JP,meta_ads
u003441,2026-08-20,ios,mid,JP,google_ads
u003442,2026-08-16,ios,mid,KR,organic
u003443,2026-09-03,android,low,KR,organic
u003444,2026-08-26,ios,high,KR,tiktok_ads
u003445,2026-09-06,android,mid,KR,google_ads
u003446,2026-08-29,ios,high,KR,google_ads
u003447,2026-08-15,android,high,KR,organic
u003448,2026-09-04,ios,mid,KR,cross_promo
u003449,2026-09-03,android,mid,KR,cross_promo
u003450,2026-09-06,android,high,US,meta_ads
u003451,2026-09-01,android,low,TW,organic
u003452,2026-08-24,android,high,JP,tiktok_ads
u003453,2026-08-23,android,mid,US,google_ads
u003454,2026-08-26,ios,high,KR,cross_promo
u003455,2026-09-04,ios,low,US,organic
u003456,2026-09-05,android,mid,US,tiktok_ads
u003457,2026-08-18,android,low,KR,organic
u003458,2026-08-31,android,mid,KR,tiktok_ads
u003459,2026-08-18,android,low,OTHER,organic
u003460,2026-08-29,android,low,US,organic
u003461,2026-08-19,ios,high,JP,organic
u003462,2026-08-16,ios,low,KR,organic
u003463,2026-08-24,ios,mid,KR,organic
u003464,2026-08-26,android,mid,OTHER,cross_promo
u003465,2026-08-17,ios,mid,TW,cross_promo
u003466,2026-08-26,android,high,OTHER,google_ads
u003467,2026-08-29,ios,mid,TW,google_ads
u003468,2026-08-25,ios,high,KR,organic
u003469,2026-08-28,ios,high,KR,tiktok_ads
u003470,2026-09-05,android,low,TW,organic
u003471,2026-08-20,ios,mid,KR,cross_promo
u003472,2026-08-20,android,mid,KR,google_ads
u003473,2026-08-22,android,high,KR,meta_ads
u003474,2026-08-29,android,high,KR,tiktok_ads
u003475,2026-09-03,android,high,KR,organic
u003476,2026-08-24,android,mid,OTHER,tiktok_ads
u003477,2026-08-15,android,high,KR,meta_ads
u003478,2026-08-23,android,mid,OTHER,organic
u003479,2026-08-30,ios,high,OTHER,organic
u003480,2026-09-03,android,low,JP,organic
u003481,2026-09-02,android,low,KR,organic
u003482,2026-09-03,ios,high,US,meta_ads
u003483,2026-08-24,android,low,JP,meta_ads
u003484,2026-08-15,ios,mid,TW,cross_promo
u003485,2026-08-18,ios,high,KR,organic
u003486,2026-08-18,android,low,KR,organic
u003487,2026-08-19,android,low,KR,meta_ads
u003488,2026-09-05,android,high,OTHER,google_ads
u003489,2026-08-26,android,mid,KR,google_ads
u003490,2026-09-04,android,mid,KR,tiktok_ads
u003491,2026-08-27,android,high,KR,meta_ads
u003492,2026-09-05,android,mid,OTHER,organic
u003493,2026-08-20,ios,mid,KR,organic
u003494,2026-08-28,android,low,JP,meta_ads
u003495,2026-09-03,android,high,KR,google_ads
u003496,2026-08-23,ios,mid,KR,meta_ads
u003497,2026-09-01,ios,mid,KR,tiktok_ads
u003498,2026-08-19,android,low,KR,tiktok_ads
u003499,2026-08-21,android,mid,JP,meta_ads
u003500,2026-08-31,android,low,US,organic
u003501,2026-08-18,android,low,OTHER,organic
u003502,2026-08-20,android,low,OTHER,organic
u003503,2026-08-24,ios,high,KR,tiktok_ads
u003504,2026-08-29,android,low,KR,meta_ads
u003505,2026-08-17,ios,mid,KR,google_ads
u003506,2026-08-28,ios,high,KR,google_ads
u003507,2026-08-24,ios,high,KR,meta_ads
u003508,2026-08-25,android,low,TW,organic
u003509,2026-08-23,android,low,KR,tiktok_ads
u003510,2026-08-21,android,mid,TW,meta_ads
u003511,2026-08-26,android,low,KR,tiktok_ads
u003512,2026-08-30,ios,mid,US,google_ads
u003513,2026-08-27,ios,low,TW,meta_ads
u003514,2026-09-04,android,mid,JP,google_ads
u003515,2026-08-25,android,mid,KR,organic
u003516,2026-08-22,android,high,US,organic
u003517,2026-08-27,android,low,TW,meta_ads
u003518,2026-09-04,android,low,JP,organic
u003519,2026-08-15,ios,low,KR,meta_ads
u003520,2026-09-03,android,low,KR,meta_ads
u003521,2026-08-21,android,low,JP,organic
u003522,2026-08-23,android,high,KR,meta_ads
u003523,2026-08-25,android,low,KR,organic
u003524,2026-09-03,android,low,KR,google_ads
u003525,2026-09-03,android,low,KR,google_ads
u003526,2026-08-24,ios,low,TW,google_ads
u003527,2026-08-29,android,high,TW,google_ads
u003528,2026-08-30,android,mid,JP,meta_ads
u003529,2026-08-29,android,low,KR,google_ads
u003530,2026-08-19,android,low,OTHER,tiktok_ads
u003531,2026-08-20,android,low,US,google_ads
u003532,2026-09-03,ios,high,TW,google_ads
u003533,2026-08-23,android,mid,KR,cross_promo
u003534,2026-09-02,android,mid,KR,organic
u003535,2026-08-26,android,mid,KR,tiktok_ads
u003536,2026-09-05,android,high,US,tiktok_ads
u003537,2026-08-17,ios,low,KR,meta_ads
u003538,2026-08-21,android,mid,US,tiktok_ads
u003539,2026-08-19,android,mid,KR,meta_ads
u003540,2026-08-20,android,high,US,organic
u003541,2026-08-15,android,mid,KR,organic
u003542,2026-08-22,ios,mid,KR,meta_ads
u003543,2026-08-30,android,low,KR,tiktok_ads
u003544,2026-08-18,android,mid,KR,cross_promo
u003545,2026-08-16,android,mid,TW,organic
u003546,2026-08-19,ios,high,KR,organic
u003547,2026-09-04,android,mid,TW,organic
u003548,2026-08-28,android,low,KR,cross_promo
u003549,2026-09-03,android,low,US,google_ads
u003550,2026-09-02,android,low,KR,cross_promo
u003551,2026-09-03,ios,high,KR,organic
u003552,2026-08-26,android,low,KR,meta_ads
u003553,2026-09-06,android,mid,KR,meta_ads
u003554,2026-08-23,ios,mid,KR,tiktok_ads
u003555,2026-08-18,android,low,OTHER,organic
u003556,2026-09-02,ios,high,OTHER,organic
u003557,2026-08-29,ios,high,JP,google_ads
u003558,2026-08-25,ios,low,US,tiktok_ads
u003559,2026-09-02,android,mid,OTHER,organic
u003560,2026-08-22,android,high,TW,google_ads
u003561,2026-08-31,android,mid,US,organic
u003562,2026-08-27,android,mid,JP,tiktok_ads
u003563,2026-08-24,android,mid,KR,organic
u003564,2026-08-26,android,low,US,meta_ads
u003565,2026-08-30,ios,high,KR,organic
u003566,2026-08-18,ios,high,JP,google_ads
u003567,2026-08-23,android,mid,KR,google_ads
u003568,2026-08-19,ios,low,TW,organic
u003569,2026-08-28,android,low,KR,meta_ads
u003570,2026-08-30,android,mid,OTHER,organic
u003571,2026-08-15,android,low,KR,meta_ads
u003572,2026-08-24,ios,mid,KR,organic
u003573,2026-08-21,android,low,US,organic
u003574,2026-08-21,android,low,JP,meta_ads
u003575,2026-08-20,ios,mid,KR,cross_promo
u003576,2026-09-05,ios,mid,OTHER,google_ads
u003577,2026-08-19,ios,low,OTHER,cross_promo
u003578,2026-08-19,android,low,US,cross_promo
u003579,2026-08-27,android,low,KR,meta_ads
u003580,2026-08-26,android,mid,JP,organic
u003581,2026-08-21,android,low,KR,organic
u003582,2026-09-01,ios,high,KR,google_ads
u003583,2026-08-24,ios,high,US,organic
u003584,2026-09-05,ios,mid,KR,google_ads
u003585,2026-09-06,android,mid,KR,meta_ads
u003586,2026-09-05,ios,mid,KR,cross_promo
u003587,2026-09-02,android,mid,KR,cross_promo
u003588,2026-09-04,android,low,KR,meta_ads
u003589,2026-08-16,ios,high,KR,meta_ads
u003590,2026-08-15,android,low,US,google_ads
u003591,2026-08-25,ios,high,KR,meta_ads
u003592,2026-08-18,android,low,KR,google_ads
u003593,2026-08-30,ios,mid,US,google_ads
u003594,2026-08-31,ios,mid,KR,meta_ads
u003595,2026-08-25,android,high,TW,google_ads
u003596,2026-08-18,android,low,US,tiktok_ads
u003597,2026-08-16,android,high,KR,tiktok_ads
u003598,2026-09-04,android,mid,KR,organic
u003599,2026-08-22,android,mid,OTHER,organic
u003600,2026-08-18,ios,high,US,organic
u003601,2026-08-16,android,low,JP,organic
u003602,2026-08-17,android,mid,KR,cross_promo
u003603,2026-08-30,android,low,KR,google_ads
u003604,2026-08-24,android,low,OTHER,organic
u003605,2026-08-26,ios,mid,US,meta_ads
u003606,2026-08-30,android,low,KR,cross_promo
u003607,2026-08-31,ios,mid,KR,google_ads
u003608,2026-09-03,android,low,KR,google_ads
u003609,2026-08-26,android,low,KR,google_ads
u003610,2026-08-29,ios,high,KR,google_ads
u003611,2026-09-03,android,low,KR,cross_promo
u003612,2026-09-02,android,mid,KR,google_ads
u003613,2026-08-28,android,mid,KR,tiktok_ads
u003614,2026-08-15,ios,high,US,cross_promo
u003615,2026-08-25,android,mid,KR,meta_ads
u003616,2026-08-24,android,mid,KR,meta_ads
u003617,2026-08-27,android,low,KR,meta_ads
u003618,2026-08-18,ios,mid,KR,meta_ads
u003619,2026-08-18,android,low,KR,meta_ads
u003620,2026-09-02,android,mid,JP,meta_ads
u003621,2026-08-19,android,low,TW,google_ads
u003622,2026-08-22,android,low,KR,tiktok_ads
u003623,2026-08-29,android,high,KR,tiktok_ads
u003624,2026-08-28,android,low,TW,meta_ads
u003625,2026-08-21,android,high,KR,meta_ads
u003626,2026-08-17,android,low,KR,organic
u003627,2026-08-17,ios,high,KR,google_ads
u003628,2026-09-06,ios,mid,KR,tiktok_ads
u003629,2026-08-24,android,mid,KR,google_ads
u003630,2026-08-31,android,low,KR,cross_promo
u003631,2026-08-30,android,mid,JP,tiktok_ads
u003632,2026-08-29,ios,high,KR,organic
u003633,2026-08-21,android,mid,US,meta_ads
u003634,2026-08-25,android,mid,KR,organic
u003635,2026-08-21,android,mid,TW,meta_ads
u003636,2026-09-04,android,low,US,meta_ads
u003637,2026-08-22,ios,mid,KR,meta_ads
u003638,2026-08-21,android,high,JP,google_ads
u003639,2026-09-06,android,low,OTHER,tiktok_ads
u003640,2026-08-28,ios,mid,TW,organic
u003641,2026-09-01,android,mid,KR,organic
u003642,2026-08-19,ios,mid,KR,organic
u003643,2026-08-18,android,high,KR,google_ads
u003644,2026-08-24,android,high,KR,google_ads
u003645,2026-08-17,android,high,OTHER,google_ads
u003646,2026-08-28,android,high,KR,google_ads
u003647,2026-08-27,ios,mid,TW,tiktok_ads
u003648,2026-08-22,android,mid,US,meta_ads
u003649,2026-08-23,android,mid,JP,organic
u003650,2026-09-06,android,mid,JP,google_ads
u003651,2026-08-18,android,low,KR,meta_ads
u003652,2026-08-22,android,low,JP,organic
u003653,2026-08-22,android,mid,JP,google_ads
u003654,2026-09-06,android,low,TW,tiktok_ads
u003655,2026-08-28,android,mid,JP,cross_promo
u003656,2026-08-27,ios,high,JP,google_ads
u003657,2026-09-03,android,mid,TW,cross_promo
u003658,2026-08-21,android,low,KR,tiktok_ads
u003659,2026-08-24,android,high,OTHER,tiktok_ads
u003660,2026-08-30,android,low,KR,meta_ads
u003661,2026-09-01,ios,mid,KR,tiktok_ads
u003662,2026-08-30,ios,high,US,meta_ads
u003663,2026-09-05,ios,mid,KR,google_ads
u003664,2026-08-17,ios,high,JP,meta_ads
u003665,2026-09-01,ios,high,OTHER,organic
u003666,2026-08-19,android,low,US,meta_ads
u003667,2026-09-03,android,high,KR,google_ads
u003668,2026-08-19,android,low,US,google_ads
u003669,2026-09-03,android,high,US,meta_ads
u003670,2026-09-05,android,mid,KR,meta_ads
u003671,2026-08-26,android,high,KR,organic
u003672,2026-08-29,ios,mid,OTHER,organic
u003673,2026-09-06,android,mid,KR,google_ads
u003674,2026-08-29,ios,mid,KR,google_ads
u003675,2026-08-31,ios,mid,KR,meta_ads
u003676,2026-08-17,android,low,US,tiktok_ads
u003677,2026-08-29,android,low,KR,meta_ads
u003678,2026-08-19,android,low,KR,cross_promo
u003679,2026-08-31,android,mid,KR,tiktok_ads
u003680,2026-08-26,ios,mid,JP,organic
u003681,2026-08-16,android,low,KR,tiktok_ads
u003682,2026-08-22,ios,mid,US,google_ads
u003683,2026-08-19,android,low,US,meta_ads
u003684,2026-09-03,ios,low,KR,tiktok_ads
u003685,2026-08-28,ios,high,OTHER,organic
u003686,2026-09-04,android,mid,KR,organic
u003687,2026-08-21,android,low,US,google_ads
u003688,2026-09-05,ios,high,KR,meta_ads
u003689,2026-09-04,android,high,JP,meta_ads
u003690,2026-09-01,android,low,KR,cross_promo
u003691,2026-08-31,android,low,JP,tiktok_ads
u003692,2026-08-20,android,low,KR,google_ads
u003693,2026-09-05,ios,mid,KR,organic
u003694,2026-09-05,android,high,KR,organic
u003695,2026-09-05,android,low,TW,google_ads
u003696,2026-08-18,android,mid,TW,organic
u003697,2026-08-18,android,high,OTHER,meta_ads
u003698,2026-08-27,ios,high,US,cross_promo
u003699,2026-08-19,ios,high,US,cross_promo
u003700,2026-08-21,android,low,JP,google_ads
u003701,2026-08-22,android,high,KR,tiktok_ads
u003702,2026-09-05,android,high,JP,meta_ads
u003703,2026-08-22,ios,mid,KR,meta_ads
u003704,2026-09-03,android,mid,KR,tiktok_ads
u003705,2026-09-05,android,mid,KR,organic
u003706,2026-08-20,android,low,OTHER,google_ads
u003707,2026-08-20,ios,mid,KR,tiktok_ads
u003708,2026-08-31,android,mid,KR,google_ads
u003709,2026-09-06,ios,high,OTHER,organic
u003710,2026-08-19,ios,high,JP,meta_ads
u003711,2026-08-15,ios,mid,KR,meta_ads
u003712,2026-08-23,ios,high,JP,tiktok_ads
u003713,2026-08-31,ios,mid,KR,cross_promo
u003714,2026-08-22,ios,mid,JP,tiktok_ads
u003715,2026-08-26,android,low,TW,google_ads
u003716,2026-08-17,android,mid,KR,google_ads
u003717,2026-08-28,ios,mid,US,organic
u003718,2026-08-22,android,high,KR,tiktok_ads
u003719,2026-08-28,android,low,KR,meta_ads
u003720,2026-09-06,ios,high,US,organic
u003721,2026-08-21,ios,low,JP,tiktok_ads
u003722,2026-08-16,ios,high,KR,organic
u003723,2026-08-28,android,low,US,cross_promo
u003724,2026-08-24,android,low,OTHER,cross_promo
u003725,2026-08-20,android,low,JP,tiktok_ads
u003726,2026-09-06,ios,high,TW,meta_ads
u003727,2026-09-02,android,high,KR,meta_ads
u003728,2026-08-22,android,high,TW,meta_ads
u003729,2026-08-28,android,low,KR,organic
u003730,2026-08-27,ios,mid,US,tiktok_ads
u003731,2026-08-18,android,mid,US,meta_ads
u003732,2026-08-21,android,low,KR,google_ads
u003733,2026-08-30,android,low,KR,organic
u003734,2026-09-05,android,high,OTHER,meta_ads
u003735,2026-08-20,ios,high,KR,meta_ads
u003736,2026-09-03,android,high,KR,meta_ads
u003737,2026-08-20,android,mid,KR,organic
u003738,2026-08-17,ios,high,KR,meta_ads
u003739,2026-08-30,android,mid,TW,organic
u003740,2026-09-06,ios,high,KR,tiktok_ads
u003741,2026-08-23,android,mid,OTHER,organic
u003742,2026-08-30,android,low,US,meta_ads
u003743,2026-09-06,android,low,OTHER,meta_ads
u003744,2026-08-18,ios,mid,JP,tiktok_ads
u003745,2026-08-16,ios,mid,TW,organic
u003746,2026-09-04,android,mid,KR,google_ads
u003747,2026-08-16,android,mid,OTHER,google_ads
u003748,2026-08-21,android,low,KR,organic
u003749,2026-08-22,android,mid,JP,organic
u003750,2026-08-17,ios,high,KR,meta_ads
u003751,2026-08-27,android,high,KR,meta_ads
u003752,2026-08-29,android,high,KR,organic
u003753,2026-08-27,ios,high,TW,organic
u003754,2026-09-05,android,low,US,meta_ads
u003755,2026-09-02,ios,high,OTHER,meta_ads
u003756,2026-08-28,ios,mid,US,tiktok_ads
u003757,2026-08-23,android,high,US,google_ads
u003758,2026-08-28,ios,mid,JP,organic
u003759,2026-08-21,android,low,KR,tiktok_ads
u003760,2026-09-01,android,low,US,meta_ads
u003761,2026-09-02,android,mid,TW,google_ads
u003762,2026-08-19,ios,high,KR,meta_ads
u003763,2026-08-21,android,high,KR,cross_promo
u003764,2026-08-22,android,low,KR,organic
u003765,2026-08-18,android,low,KR,google_ads
u003766,2026-08-17,android,mid,KR,organic
u003767,2026-08-26,android,mid,JP,organic
u003768,2026-08-19,android,low,KR,tiktok_ads
u003769,2026-09-01,android,mid,US,google_ads
u003770,2026-08-16,ios,mid,KR,tiktok_ads
u003771,2026-09-05,android,mid,KR,meta_ads
u003772,2026-09-05,android,high,OTHER,cross_promo
u003773,2026-08-31,android,high,OTHER,organic
u003774,2026-09-05,ios,mid,KR,tiktok_ads
u003775,2026-08-17,ios,high,KR,google_ads
u003776,2026-08-23,ios,mid,US,organic
u003777,2026-08-26,android,low,KR,organic
u003778,2026-08-23,android,high,JP,google_ads
u003779,2026-08-18,ios,high,TW,organic
u003780,2026-09-02,ios,mid,TW,tiktok_ads
u003781,2026-09-06,ios,high,KR,tiktok_ads
u003782,2026-09-05,ios,high,JP,tiktok_ads
u003783,2026-08-31,android,high,KR,google_ads
u003784,2026-09-06,ios,high,KR,tiktok_ads
u003785,2026-08-24,android,low,KR,meta_ads
u003786,2026-08-20,ios,high,KR,google_ads
u003787,2026-08-29,ios,mid,KR,meta_ads
u003788,2026-08-23,ios,high,KR,meta_ads
u003789,2026-08-21,ios,high,KR,meta_ads
u003790,2026-08-17,android,low,KR,organic
u003791,2026-08-22,android,high,KR,google_ads
u003792,2026-08-24,ios,low,KR,organic
u003793,2026-08-18,ios,high,US,google_ads
u003794,2026-08-26,android,mid,KR,tiktok_ads
u003795,2026-08-15,android,low,KR,meta_ads
u003796,2026-09-02,android,mid,US,organic
u003797,2026-08-21,android,low,TW,tiktok_ads
u003798,2026-09-02,android,low,OTHER,meta_ads
u003799,2026-09-01,android,mid,KR,organic
u003800,2026-09-04,android,low,US,tiktok_ads
u003801,2026-08-31,ios,low,TW,organic
u003802,2026-09-04,android,low,TW,meta_ads
u003803,2026-09-02,android,high,KR,cross_promo
u003804,2026-09-04,android,high,KR,meta_ads
u003805,2026-09-01,ios,mid,OTHER,google_ads
u003806,2026-09-04,android,low,KR,meta_ads
u003807,2026-08-31,android,low,KR,cross_promo
u003808,2026-09-06,android,high,TW,organic
u003809,2026-08-21,android,low,KR,organic
u003810,2026-09-05,ios,high,TW,tiktok_ads
u003811,2026-09-02,android,mid,KR,google_ads
u003812,2026-08-16,android,high,KR,tiktok_ads
u003813,2026-09-02,android,low,JP,meta_ads
u003814,2026-08-19,ios,high,US,google_ads
u003815,2026-08-31,ios,high,JP,organic
u003816,2026-08-19,android,low,TW,meta_ads
u003817,2026-08-30,android,high,KR,organic
u003818,2026-09-03,android,low,KR,meta_ads
u003819,2026-08-26,android,high,KR,organic
u003820,2026-08-27,android,high,TW,meta_ads
u003821,2026-08-23,android,mid,KR,meta_ads
u003822,2026-08-30,ios,mid,KR,organic
u003823,2026-08-15,android,low,US,meta_ads
u003824,2026-08-29,android,mid,KR,google_ads
u003825,2026-08-16,android,mid,KR,meta_ads
u003826,2026-08-15,android,mid,KR,tiktok_ads
u003827,2026-09-02,ios,high,TW,meta_ads
u003828,2026-08-17,android,mid,KR,google_ads
u003829,2026-08-28,ios,high,KR,meta_ads
u003830,2026-08-18,android,mid,KR,tiktok_ads
u003831,2026-08-24,android,mid,KR,meta_ads
u003832,2026-08-25,ios,mid,KR,organic
u003833,2026-08-26,ios,mid,KR,organic
u003834,2026-08-16,ios,mid,JP,tiktok_ads
u003835,2026-09-05,ios,low,KR,meta_ads
u003836,2026-08-31,ios,low,KR,tiktok_ads
u003837,2026-08-26,android,low,OTHER,tiktok_ads
u003838,2026-08-24,android,low,KR,google_ads
u003839,2026-08-31,android,low,KR,google_ads
u003840,2026-08-15,android,mid,KR,meta_ads
u003841,2026-08-15,ios,low,KR,tiktok_ads
u003842,2026-08-26,android,mid,KR,tiktok_ads
u003843,2026-08-30,android,mid,KR,meta_ads
u003844,2026-09-01,android,high,KR,tiktok_ads
u003845,2026-08-25,android,low,JP,google_ads
u003846,2026-08-31,android,low,US,organic
u003847,2026-09-01,ios,mid,JP,organic
u003848,2026-08-23,ios,high,KR,google_ads
u003849,2026-08-24,ios,high,KR,google_ads
u003850,2026-08-31,android,high,KR,organic
u003851,2026-08-25,android,low,KR,tiktok_ads
u003852,2026-08-25,ios,mid,KR,meta_ads
u003853,2026-09-03,ios,low,JP,organic
u003854,2026-09-06,ios,mid,US,google_ads
u003855,2026-08-18,android,low,KR,meta_ads
u003856,2026-08-24,ios,mid,TW,organic
u003857,2026-08-31,android,mid,US,meta_ads
u003858,2026-09-06,ios,high,KR,organic
u003859,2026-08-20,android,high,KR,google_ads
u003860,2026-08-26,android,low,TW,google_ads
u003861,2026-08-19,ios,mid,US,meta_ads
u003862,2026-08-15,ios,high,KR,cross_promo
u003863,2026-08-30,android,low,TW,meta_ads
u003864,2026-08-29,android,mid,KR,cross_promo
u003865,2026-08-21,android,low,OTHER,organic
u003866,2026-08-23,android,mid,JP,meta_ads
u003867,2026-08-15,android,mid,KR,google_ads
u003868,2026-08-17,ios,mid,KR,meta_ads
u003869,2026-08-23,ios,mid,US,cross_promo
u003870,2026-08-29,ios,high,KR,organic
u003871,2026-08-19,android,low,OTHER,google_ads
u003872,2026-09-01,android,mid,KR,meta_ads
u003873,2026-08-29,android,mid,KR,organic
u003874,2026-08-26,android,low,OTHER,meta_ads
u003875,2026-08-23,android,mid,KR,google_ads
u003876,2026-08-21,ios,high,KR,meta_ads
u003877,2026-08-21,android,high,KR,google_ads
u003878,2026-08-29,ios,mid,KR,organic
u003879,2026-08-26,android,mid,KR,tiktok_ads
u003880,2026-08-26,ios,high,KR,organic
u003881,2026-08-25,android,mid,JP,organic
u003882,2026-08-29,android,mid,JP,tiktok_ads
u003883,2026-08-25,android,high,OTHER,cross_promo
u003884,2026-08-24,ios,mid,KR,google_ads
u003885,2026-08-27,android,low,KR,tiktok_ads
u003886,2026-09-04,ios,mid,KR,cross_promo
u003887,2026-08-22,android,mid,US,meta_ads
u003888,2026-08-23,ios,high,US,organic
u003889,2026-08-22,android,mid,KR,tiktok_ads
u003890,2026-08-26,ios,high,US,cross_promo
u003891,2026-08-27,android,mid,US,google_ads
u003892,2026-08-30,android,low,KR,cross_promo
u003893,2026-08-18,ios,mid,OTHER,google_ads
u003894,2026-08-15,ios,high,JP,tiktok_ads
u003895,2026-09-06,ios,mid,KR,tiktok_ads
u003896,2026-08-15,ios,high,JP,google_ads
u003897,2026-08-19,android,mid,JP,meta_ads
u003898,2026-08-26,ios,high,JP,organic
u003899,2026-08-29,ios,mid,KR,organic
u003900,2026-08-26,android,low,KR,tiktok_ads
u003901,2026-08-25,ios,high,OTHER,tiktok_ads
u003902,2026-08-21,android,high,KR,tiktok_ads
u003903,2026-09-06,android,high,KR,cross_promo
u003904,2026-08-27,ios,mid,KR,organic
u003905,2026-09-05,ios,mid,OTHER,cross_promo
u003906,2026-08-27,ios,mid,KR,tiktok_ads
u003907,2026-09-05,ios,low,KR,organic
u003908,2026-08-24,ios,mid,OTHER,meta_ads
u003909,2026-08-30,android,mid,KR,organic
u003910,2026-08-18,android,low,KR,cross_promo
u003911,2026-08-24,android,low,KR,meta_ads
u003912,2026-08-26,ios,high,OTHER,meta_ads
u003913,2026-09-02,android,mid,KR,meta_ads
u003914,2026-08-19,android,mid,US,organic
u003915,2026-09-02,android,high,JP,organic
u003916,2026-08-26,ios,mid,JP,tiktok_ads
u003917,2026-08-25,android,mid,TW,meta_ads
u003918,2026-09-06,ios,mid,KR,tiktok_ads
u003919,2026-08-31,android,mid,OTHER,google_ads
u003920,2026-08-29,android,mid,OTHER,cross_promo
u003921,2026-08-22,android,mid,US,meta_ads
u003922,2026-09-05,ios,mid,OTHER,organic
u003923,2026-08-25,android,low,US,tiktok_ads
u003924,2026-08-30,android,low,US,organic
u003925,2026-08-30,android,mid,KR,organic
u003926,2026-08-23,android,high,KR,google_ads
u003927,2026-08-22,ios,low,KR,organic
u003928,2026-09-04,android,low,KR,organic
u003929,2026-08-23,android,mid,KR,organic
u003930,2026-08-16,ios,high,US,organic
u003931,2026-09-01,android,low,KR,meta_ads
u003932,2026-09-05,android,low,US,meta_ads
u003933,2026-08-20,android,low,KR,google_ads
u003934,2026-09-03,android,mid,US,meta_ads
u003935,2026-08-31,ios,mid,KR,organic
u003936,2026-09-05,ios,mid,KR,meta_ads
u003937,2026-09-01,android,high,KR,google_ads
u003938,2026-08-30,android,mid,KR,tiktok_ads
u003939,2026-08-17,android,low,US,tiktok_ads
u003940,2026-09-03,ios,mid,JP,cross_promo
u003941,2026-08-23,ios,high,KR,meta_ads
u003942,2026-08-21,android,high,OTHER,organic
u003943,2026-08-24,android,mid,OTHER,meta_ads
u003944,2026-08-29,android,low,KR,cross_promo
u003945,2026-08-19,android,mid,JP,meta_ads
u003946,2026-08-20,android,mid,OTHER,google_ads
u003947,2026-08-28,android,low,JP,cross_promo
u003948,2026-08-16,android,mid,TW,google_ads
u003949,2026-08-21,android,mid,KR,meta_ads
u003950,2026-08-17,ios,mid,KR,meta_ads
u003951,2026-08-16,android,low,KR,meta_ads
u003952,2026-08-26,android,low,TW,meta_ads
u003953,2026-08-20,android,low,JP,organic
u003954,2026-09-01,ios,high,KR,cross_promo
u003955,2026-08-28,ios,high,JP,google_ads
u003956,2026-08-30,android,high,US,organic
u003957,2026-09-05,ios,high,OTHER,cross_promo
u003958,2026-08-21,ios,high,TW,meta_ads
u003959,2026-08-23,ios,mid,KR,meta_ads
u003960,2026-08-24,android,mid,KR,organic
u003961,2026-09-01,android,low,KR,organic
u003962,2026-08-20,android,high,KR,google_ads
u003963,2026-08-25,android,low,KR,organic
u003964,2026-08-30,ios,mid,JP,cross_promo
u003965,2026-08-24,ios,high,JP,organic
u003966,2026-09-04,android,mid,KR,organic
u003967,2026-09-02,android,low,KR,cross_promo
u003968,2026-08-23,android,high,US,tiktok_ads
u003969,2026-08-18,android,low,KR,organic
u003970,2026-08-23,ios,high,KR,tiktok_ads
u003971,2026-09-03,android,mid,OTHER,google_ads
u003972,2026-08-26,android,mid,KR,meta_ads
u003973,2026-08-23,ios,mid,KR,cross_promo
u003974,2026-08-18,ios,high,KR,organic
u003975,2026-08-30,ios,mid,KR,meta_ads
u003976,2026-08-30,android,low,KR,meta_ads
u003977,2026-09-01,android,low,JP,organic
u003978,2026-08-22,android,mid,KR,google_ads
u003979,2026-09-03,android,low,JP,meta_ads
u003980,2026-08-16,android,mid,KR,google_ads
u003981,2026-08-17,android,low,TW,cross_promo
u003982,2026-08-27,android,mid,KR,meta_ads
u003983,2026-09-05,android,low,KR,meta_ads
u003984,2026-08-30,ios,high,KR,cross_promo
u003985,2026-08-30,android,low,US,google_ads
u003986,2026-08-19,android,high,OTHER,organic
u003987,2026-09-01,android,mid,KR,meta_ads
u003988,2026-09-05,ios,high,OTHER,organic
u003989,2026-08-31,android,mid,TW,tiktok_ads
u003990,2026-08-25,ios,high,JP,google_ads
u003991,2026-08-29,android,mid,US,organic
u003992,2026-08-29,android,mid,KR,organic
u003993,2026-09-04,android,low,OTHER,organic
u003994,2026-08-26,android,mid,TW,tiktok_ads
u003995,2026-08-27,android,mid,KR,tiktok_ads
u003996,2026-08-31,ios,high,US,organic
u003997,2026-08-28,ios,mid,US,organic
u003998,2026-08-31,android,mid,US,cross_promo
u003999,2026-09-05,android,mid,US,google_ads
u004000,2026-08-17,ios,high,US,tiktok_ads
u004001,2026-08-29,android,low,TW,cross_promo
u004002,2026-08-18,android,low,US,meta_ads
u004003,2026-08-29,ios,high,KR,organic
u004004,2026-08-25,ios,high,KR,meta_ads
u004005,2026-08-17,android,high,US,tiktok_ads
u004006,2026-09-01,android,mid,TW,cross_promo
u004007,2026-09-05,android,mid,KR,organic
u004008,2026-08-31,android,mid,OTHER,tiktok_ads
u004009,2026-08-27,android,low,KR,tiktok_ads
u004010,2026-08-28,ios,high,KR,cross_promo
u004011,2026-08-23,ios,high,KR,organic
u004012,2026-08-25,ios,high,KR,meta_ads
u004013,2026-09-05,ios,low,TW,tiktok_ads
u004014,2026-08-27,android,low,KR,organic
u004015,2026-08-29,android,high,KR,google_ads
u004016,2026-09-03,android,mid,JP,organic
u004017,2026-08-24,android,high,KR,meta_ads
u004018,2026-08-21,ios,low,KR,tiktok_ads
u004019,2026-09-04,android,low,KR,google_ads
u004020,2026-09-03,android,mid,KR,google_ads
u004021,2026-08-24,ios,mid,US,tiktok_ads
u004022,2026-08-23,ios,mid,KR,organic
u004023,2026-08-16,android,low,TW,tiktok_ads
u004024,2026-08-29,android,mid,KR,organic
u004025,2026-08-19,ios,mid,KR,organic
u004026,2026-09-02,ios,mid,KR,tiktok_ads
u004027,2026-08-31,android,mid,KR,organic
u004028,2026-08-30,ios,mid,TW,meta_ads
u004029,2026-08-25,ios,mid,US,google_ads
u004030,2026-08-23,android,low,KR,organic
u004031,2026-08-22,ios,mid,US,meta_ads
u004032,2026-09-03,ios,mid,KR,organic
u004033,2026-08-21,ios,mid,KR,google_ads
u004034,2026-09-04,android,high,TW,organic
u004035,2026-08-20,android,mid,KR,meta_ads
u004036,2026-08-25,android,low,US,google_ads
u004037,2026-08-27,android,mid,KR,google_ads
u004038,2026-08-15,ios,low,KR,cross_promo
u004039,2026-08-30,ios,mid,OTHER,organic
u004040,2026-08-24,android,low,JP,organic
u004041,2026-08-27,android,low,KR,organic
u004042,2026-08-25,android,mid,OTHER,meta_ads
u004043,2026-08-25,android,low,TW,organic
u004044,2026-09-02,ios,mid,US,tiktok_ads
u004045,2026-08-24,android,mid,KR,google_ads
u004046,2026-08-30,android,mid,KR,organic
u004047,2026-08-29,ios,mid,KR,meta_ads
u004048,2026-09-05,android,low,JP,meta_ads
u004049,2026-09-02,ios,high,KR,organic
u004050,2026-09-06,ios,high,KR,organic
u004051,2026-08-18,android,low,KR,tiktok_ads
u004052,2026-08-29,ios,mid,OTHER,organic
u004053,2026-09-05,ios,high,KR,google_ads
u004054,2026-08-30,android,high,US,meta_ads
u004055,2026-08-29,android,high,KR,meta_ads
u004056,2026-08-30,android,low,KR,meta_ads
u004057,2026-08-28,android,low,KR,organic
u004058,2026-08-26,android,mid,KR,meta_ads
u004059,2026-08-30,android,high,KR,organic
u004060,2026-08-27,android,mid,KR,organic
u004061,2026-09-04,android,low,JP,tiktok_ads
u004062,2026-08-29,android,low,JP,google_ads
u004063,2026-09-03,android,mid,KR,tiktok_ads
u004064,2026-08-19,ios,mid,KR,organic
u004065,2026-08-24,android,low,KR,tiktok_ads
u004066,2026-08-17,android,high,KR,google_ads
u004067,2026-08-16,android,mid,JP,organic
u004068,2026-09-02,android,mid,KR,meta_ads
u004069,2026-08-30,ios,high,JP,organic
u004070,2026-08-29,ios,mid,KR,organic
u004071,2026-08-16,ios,high,KR,cross_promo
u004072,2026-08-15,ios,high,KR,tiktok_ads
u004073,2026-08-19,ios,low,KR,google_ads
u004074,2026-08-29,ios,low,OTHER,meta_ads
u004075,2026-09-04,android,mid,KR,google_ads
u004076,2026-08-23,android,mid,KR,organic
u004077,2026-08-25,ios,high,JP,organic
u004078,2026-08-26,ios,high,KR,tiktok_ads
u004079,2026-09-02,android,low,US,google_ads
u004080,2026-08-22,ios,low,US,cross_promo
u004081,2026-08-25,android,low,KR,meta_ads
u004082,2026-09-02,ios,mid,KR,tiktok_ads
u004083,2026-08-27,android,mid,KR,organic
u004084,2026-08-31,android,mid,US,meta_ads
u004085,2026-09-05,android,mid,JP,organic
u004086,2026-08-27,android,low,KR,organic
u004087,2026-09-04,ios,high,US,meta_ads
u004088,2026-08-15,ios,mid,KR,organic
u004089,2026-09-05,android,low,KR,tiktok_ads
u004090,2026-09-04,android,low,JP,meta_ads
u004091,2026-08-20,android,low,KR,organic
u004092,2026-08-29,android,low,OTHER,meta_ads
u004093,2026-08-17,android,low,JP,cross_promo
u004094,2026-08-24,android,high,KR,meta_ads
u004095,2026-08-30,android,mid,OTHER,meta_ads
u004096,2026-08-28,ios,low,JP,organic
u004097,2026-08-15,android,mid,KR,organic
u004098,2026-09-04,ios,mid,KR,tiktok_ads
u004099,2026-08-23,ios,high,US,meta_ads
u004100,2026-09-01,android,mid,KR,tiktok_ads
u004101,2026-08-25,ios,mid,KR,meta_ads
u004102,2026-08-18,android,low,TW,meta_ads
u004103,2026-08-21,android,mid,KR,organic
u004104,2026-09-02,ios,mid,KR,meta_ads
u004105,2026-08-28,ios,high,KR,google_ads
u004106,2026-09-04,android,low,KR,organic
u004107,2026-09-01,android,low,KR,tiktok_ads
u004108,2026-08-26,ios,mid,KR,organic
u004109,2026-08-28,android,mid,KR,google_ads
u004110,2026-09-04,ios,high,KR,tiktok_ads
u004111,2026-08-29,ios,mid,OTHER,organic
u004112,2026-09-04,android,mid,JP,organic
u004113,2026-08-31,ios,low,US,organic
u004114,2026-09-04,ios,mid,KR,organic
u004115,2026-08-22,android,high,US,meta_ads
u004116,2026-09-05,ios,high,KR,google_ads
u004117,2026-08-18,android,low,KR,google_ads
u004118,2026-08-17,ios,high,US,meta_ads
u004119,2026-08-21,ios,high,KR,meta_ads
u004120,2026-08-27,android,mid,US,organic
u004121,2026-08-21,android,high,US,organic
u004122,2026-08-30,android,mid,KR,google_ads
u004123,2026-08-20,ios,high,OTHER,google_ads
u004124,2026-08-23,ios,high,KR,meta_ads
u004125,2026-08-31,android,mid,KR,google_ads
u004126,2026-08-21,android,mid,JP,meta_ads
u004127,2026-08-29,android,high,OTHER,organic
u004128,2026-08-18,android,mid,OTHER,meta_ads
u004129,2026-08-25,ios,mid,US,organic
u004130,2026-08-17,android,low,KR,tiktok_ads
u004131,2026-08-22,ios,mid,TW,google_ads
u004132,2026-08-29,android,low,KR,tiktok_ads
u004133,2026-09-06,android,low,KR,tiktok_ads
u004134,2026-08-29,android,mid,US,tiktok_ads
u004135,2026-08-22,ios,high,US,meta_ads
u004136,2026-08-16,android,mid,KR,meta_ads
u004137,2026-09-06,ios,high,TW,meta_ads
u004138,2026-08-16,android,low,KR,organic
u004139,2026-08-25,android,low,OTHER,google_ads
u004140,2026-08-21,ios,mid,JP,google_ads
u004141,2026-08-31,ios,high,KR,cross_promo
u004142,2026-09-06,android,mid,KR,google_ads
u004143,2026-09-01,ios,mid,KR,tiktok_ads
u004144,2026-08-19,android,low,KR,organic
u004145,2026-09-01,ios,mid,KR,meta_ads
u004146,2026-08-23,android,mid,KR,google_ads
u004147,2026-08-30,android,high,KR,organic
u004148,2026-08-28,ios,mid,KR,organic
u004149,2026-08-29,ios,high,OTHER,organic
u004150,2026-09-02,ios,high,KR,meta_ads
u004151,2026-08-17,android,mid,KR,organic
u004152,2026-08-29,ios,high,KR,meta_ads
u004153,2026-08-25,ios,high,US,meta_ads
u004154,2026-08-27,android,high,JP,organic
u004155,2026-08-18,android,low,KR,google_ads
u004156,2026-09-02,ios,mid,JP,google_ads
u004157,2026-09-01,ios,high,KR,organic
u004158,2026-08-23,android,low,TW,organic
u004159,2026-08-21,android,high,OTHER,tiktok_ads
u004160,2026-08-20,android,high,KR,organic
u004161,2026-08-18,android,low,US,organic
u004162,2026-08-15,ios,mid,KR,tiktok_ads
u004163,2026-08-15,ios,high,KR,google_ads
u004164,2026-08-27,android,high,US,tiktok_ads
u004165,2026-08-29,ios,high,OTHER,meta_ads
u004166,2026-08-31,android,mid,KR,organic
u004167,2026-08-29,android,mid,KR,organic
u004168,2026-08-25,android,low,TW,tiktok_ads
u004169,2026-08-18,ios,low,JP,tiktok_ads
u004170,2026-08-28,ios,high,US,google_ads
u004171,2026-08-27,android,mid,KR,tiktok_ads
u004172,2026-08-30,android,mid,KR,google_ads
u004173,2026-09-06,android,high,US,google_ads
u004174,2026-09-01,android,high,TW,meta_ads
u004175,2026-08-30,ios,mid,KR,tiktok_ads
u004176,2026-09-05,android,high,JP,google_ads
u004177,2026-09-06,android,mid,JP,google_ads
u004178,2026-09-05,ios,high,KR,google_ads
u004179,2026-08-25,ios,high,JP,organic
u004180,2026-08-17,android,high,KR,google_ads
u004181,2026-09-03,ios,high,KR,organic
u004182,2026-09-06,android,low,KR,meta_ads
u004183,2026-08-27,ios,mid,OTHER,cross_promo
u004184,2026-08-21,android,high,KR,meta_ads
u004185,2026-08-15,android,mid,JP,meta_ads
u004186,2026-08-18,android,high,KR,tiktok_ads
u004187,2026-08-22,android,mid,KR,google_ads
u004188,2026-08-24,android,mid,JP,google_ads
u004189,2026-08-27,android,mid,TW,tiktok_ads
u004190,2026-08-15,ios,mid,KR,meta_ads
u004191,2026-08-28,android,low,KR,organic
u004192,2026-08-26,ios,mid,JP,organic
u004193,2026-08-15,android,mid,KR,tiktok_ads
u004194,2026-08-24,ios,high,KR,cross_promo
u004195,2026-08-21,android,low,US,organic
u004196,2026-08-28,android,mid,KR,meta_ads
u004197,2026-08-30,ios,high,KR,google_ads
u004198,2026-08-30,android,high,KR,google_ads
u004199,2026-08-27,android,low,KR,organic
u004200,2026-08-22,ios,mid,KR,google_ads
u004201,2026-08-23,android,low,TW,tiktok_ads
u004202,2026-09-05,android,low,JP,meta_ads
u004203,2026-08-21,android,mid,KR,google_ads
u004204,2026-08-22,ios,high,TW,organic
u004205,2026-08-22,ios,high,KR,organic
u004206,2026-08-15,android,mid,KR,tiktok_ads
u004207,2026-08-21,android,low,TW,cross_promo
u004208,2026-08-15,android,mid,KR,organic
u004209,2026-08-31,android,low,KR,meta_ads
u004210,2026-08-29,ios,mid,KR,organic
u004211,2026-08-18,android,low,KR,organic
u004212,2026-08-29,android,high,US,organic
u004213,2026-09-01,ios,high,KR,organic
u004214,2026-08-30,android,low,JP,organic
u004215,2026-09-05,ios,high,KR,meta_ads
u004216,2026-08-20,ios,low,KR,cross_promo
u004217,2026-09-02,android,low,JP,organic
u004218,2026-08-22,android,low,KR,google_ads
u004219,2026-08-29,ios,high,KR,organic
u004220,2026-09-05,android,high,US,tiktok_ads
u004221,2026-08-24,ios,low,KR,cross_promo
u004222,2026-08-30,android,low,KR,tiktok_ads
u004223,2026-08-24,ios,mid,US,tiktok_ads
u004224,2026-08-15,android,high,OTHER,google_ads
u004225,2026-08-22,android,low,OTHER,organic
u004226,2026-08-17,android,low,JP,organic
u004227,2026-08-26,ios,high,KR,organic
u004228,2026-09-03,ios,mid,OTHER,meta_ads
u004229,2026-08-27,android,low,KR,meta_ads
u004230,2026-09-02,ios,high,KR,tiktok_ads
u004231,2026-08-19,android,mid,KR,organic
u004232,2026-08-26,ios,low,KR,tiktok_ads
u004233,2026-09-02,android,low,KR,meta_ads
u004234,2026-08-26,ios,mid,KR,meta_ads
u004235,2026-08-31,ios,low,JP,meta_ads
u004236,2026-08-15,android,low,TW,organic
u004237,2026-08-22,ios,mid,KR,organic
u004238,2026-08-20,ios,high,JP,google_ads
u004239,2026-08-27,ios,high,KR,meta_ads
u004240,2026-08-31,ios,mid,TW,meta_ads
u004241,2026-09-05,android,low,US,organic
u004242,2026-08-15,android,high,KR,organic
u004243,2026-08-30,ios,high,US,organic
u004244,2026-08-16,android,high,KR,organic
u004245,2026-08-21,android,low,JP,organic
u004246,2026-08-28,ios,mid,OTHER,meta_ads
u004247,2026-08-19,ios,mid,KR,tiktok_ads
u004248,2026-09-01,ios,mid,KR,organic
u004249,2026-08-22,android,low,US,tiktok_ads
u004250,2026-08-24,ios,low,KR,meta_ads
u004251,2026-09-02,ios,high,OTHER,meta_ads
u004252,2026-08-26,android,low,US,organic
u004253,2026-08-25,ios,high,KR,meta_ads
u004254,2026-08-16,android,high,US,tiktok_ads
u004255,2026-09-05,android,low,KR,organic
u004256,2026-09-05,ios,mid,TW,organic
u004257,2026-08-29,ios,high,KR,organic
u004258,2026-08-26,android,high,KR,google_ads
u004259,2026-09-03,android,low,KR,organic
u004260,2026-09-01,android,high,JP,organic
u004261,2026-08-23,android,low,US,google_ads
u004262,2026-08-17,android,high,US,cross_promo
u004263,2026-09-04,ios,high,OTHER,google_ads
u004264,2026-08-21,android,low,KR,tiktok_ads
u004265,2026-08-16,android,mid,TW,tiktok_ads
u004266,2026-09-05,ios,mid,OTHER,organic
u004267,2026-08-26,android,mid,TW,meta_ads
u004268,2026-08-18,android,low,TW,organic
u004269,2026-08-18,android,mid,KR,cross_promo
u004270,2026-08-22,android,mid,KR,organic
u004271,2026-08-22,ios,high,KR,tiktok_ads
u004272,2026-08-22,android,mid,US,organic
u004273,2026-09-03,ios,mid,KR,meta_ads
u004274,2026-08-29,ios,mid,KR,google_ads
u004275,2026-08-18,android,low,KR,meta_ads
u004276,2026-09-03,android,low,OTHER,google_ads
u004277,2026-08-20,android,high,US,meta_ads
u004278,2026-08-24,android,mid,KR,meta_ads
u004279,2026-08-29,ios,mid,KR,meta_ads
u004280,2026-08-15,android,high,US,organic
u004281,2026-09-04,android,mid,US,cross_promo
u004282,2026-09-04,ios,high,KR,meta_ads
u004283,2026-08-31,ios,high,US,organic
u004284,2026-09-06,android,high,JP,meta_ads
u004285,2026-08-27,ios,high,TW,organic
u004286,2026-08-30,ios,high,KR,google_ads
u004287,2026-09-06,android,low,US,organic
u004288,2026-08-27,ios,mid,KR,organic
u004289,2026-09-06,ios,mid,KR,meta_ads
u004290,2026-08-20,android,low,JP,tiktok_ads
u004291,2026-08-20,ios,mid,KR,cross_promo
u004292,2026-08-29,ios,high,US,google_ads
u004293,2026-08-19,ios,high,KR,tiktok_ads
u004294,2026-08-26,android,mid,TW,organic
u004295,2026-08-27,android,low,JP,organic
u004296,2026-09-03,android,low,US,google_ads
u004297,2026-08-26,android,mid,JP,tiktok_ads
u004298,2026-08-21,android,low,KR,meta_ads
u004299,2026-08-17,android,mid,KR,meta_ads
u004300,2026-08-24,android,mid,OTHER,meta_ads
u004301,2026-08-16,android,low,KR,tiktok_ads
u004302,2026-09-05,android,mid,OTHER,google_ads
u004303,2026-09-03,android,low,KR,meta_ads
u004304,2026-08-28,android,low,OTHER,meta_ads
u004305,2026-09-05,ios,mid,KR,organic
u004306,2026-09-04,ios,mid,JP,google_ads
u004307,2026-08-16,ios,mid,JP,meta_ads
u004308,2026-08-15,android,mid,US,organic
u004309,2026-08-31,ios,mid,KR,google_ads
u004310,2026-09-05,android,mid,US,tiktok_ads
u004311,2026-08-28,android,low,TW,organic
u004312,2026-08-21,android,high,JP,organic
u004313,2026-09-06,android,high,KR,organic
u004314,2026-08-19,android,mid,KR,organic
u004315,2026-08-28,ios,high,KR,organic
u004316,2026-08-26,ios,mid,TW,google_ads
u004317,2026-09-02,android,high,KR,organic
u004318,2026-09-03,ios,high,TW,google_ads
u004319,2026-08-26,ios,high,KR,organic
u004320,2026-09-02,android,low,JP,google_ads
u004321,2026-09-05,android,high,KR,organic
u004322,2026-09-02,android,low,KR,organic
u004323,2026-08-31,android,mid,TW,google_ads
u004324,2026-09-03,ios,low,US,google_ads
u004325,2026-08-16,ios,mid,KR,google_ads
u004326,2026-08-19,android,mid,JP,cross_promo
u004327,2026-08-16,android,high,KR,meta_ads
u004328,2026-08-29,ios,high,KR,tiktok_ads
u004329,2026-08-30,android,mid,OTHER,cross_promo
u004330,2026-08-16,android,low,TW,organic
u004331,2026-09-03,android,low,JP,meta_ads
u004332,2026-08-22,ios,mid,TW,organic
u004333,2026-08-26,android,high,US,organic
u004334,2026-08-25,ios,high,KR,meta_ads
u004335,2026-08-27,ios,low,US,meta_ads
u004336,2026-08-31,android,high,JP,meta_ads
u004337,2026-09-02,android,mid,KR,meta_ads
u004338,2026-09-03,ios,mid,KR,meta_ads
u004339,2026-08-31,android,high,JP,tiktok_ads
u004340,2026-08-16,android,mid,KR,google_ads
u004341,2026-09-04,ios,mid,KR,organic
u004342,2026-08-16,android,mid,KR,organic
u004343,2026-09-03,ios,high,KR,google_ads
u004344,2026-08-16,android,mid,KR,google_ads
u004345,2026-08-24,android,low,JP,tiktok_ads
u004346,2026-09-03,ios,high,KR,tiktok_ads
u004347,2026-08-26,android,low,KR,meta_ads
u004348,2026-09-01,ios,mid,KR,meta_ads
u004349,2026-08-23,ios,low,KR,meta_ads
u004350,2026-09-05,android,mid,JP,organic
u004351,2026-09-01,android,high,KR,organic
u004352,2026-08-23,android,low,US,meta_ads
u004353,2026-08-24,android,mid,US,google_ads
u004354,2026-09-04,ios,mid,TW,google_ads
u004355,2026-09-03,android,mid,KR,organic
u004356,2026-08-20,android,high,KR,tiktok_ads
u004357,2026-08-22,android,low,JP,meta_ads
u004358,2026-08-22,ios,mid,US,meta_ads
u004359,2026-09-01,android,mid,KR,organic
u004360,2026-08-23,android,mid,OTHER,tiktok_ads
u004361,2026-08-28,android,low,KR,tiktok_ads
u004362,2026-08-19,android,low,OTHER,organic
u004363,2026-09-04,ios,mid,OTHER,tiktok_ads
u004364,2026-09-05,ios,low,OTHER,organic
u004365,2026-08-28,ios,high,KR,meta_ads
u004366,2026-08-29,android,high,KR,cross_promo
u004367,2026-08-30,ios,mid,KR,meta_ads
u004368,2026-08-25,android,low,KR,organic
u004369,2026-09-02,android,mid,KR,organic
u004370,2026-08-27,ios,mid,TW,organic
u004371,2026-08-24,android,mid,KR,tiktok_ads
u004372,2026-08-27,android,mid,KR,organic
u004373,2026-08-23,android,low,TW,meta_ads
u004374,2026-08-20,android,low,KR,tiktok_ads
u004375,2026-08-31,ios,mid,KR,google_ads
u004376,2026-08-21,ios,high,KR,google_ads
u004377,2026-08-30,android,low,JP,google_ads
u004378,2026-09-05,ios,mid,US,meta_ads
u004379,2026-08-28,ios,high,KR,organic
u004380,2026-08-22,android,mid,OTHER,organic
u004381,2026-08-25,ios,mid,TW,meta_ads
u004382,2026-08-17,android,low,KR,organic
u004383,2026-08-22,ios,high,OTHER,tiktok_ads
u004384,2026-08-17,android,mid,US,meta_ads
u004385,2026-09-04,android,high,KR,tiktok_ads
u004386,2026-08-28,android,low,KR,meta_ads
u004387,2026-08-29,android,mid,TW,tiktok_ads
u004388,2026-08-31,ios,mid,JP,google_ads
u004389,2026-08-23,android,mid,TW,organic
u004390,2026-08-18,ios,high,KR,tiktok_ads
u004391,2026-09-06,android,mid,KR,meta_ads
u004392,2026-09-02,ios,mid,KR,organic
u004393,2026-09-01,ios,high,TW,meta_ads
u004394,2026-08-20,android,low,JP,tiktok_ads
u004395,2026-08-27,ios,high,KR,meta_ads
u004396,2026-08-26,android,mid,KR,organic
u004397,2026-09-02,ios,mid,US,google_ads
u004398,2026-08-26,android,low,OTHER,google_ads
u004399,2026-08-31,android,mid,KR,meta_ads
u004400,2026-08-25,android,mid,US,tiktok_ads
u004401,2026-08-30,android,low,OTHER,meta_ads
u004402,2026-08-27,android,mid,US,organic
u004403,2026-08-28,ios,high,KR,cross_promo
u004404,2026-09-05,ios,high,US,organic
u004405,2026-08-19,android,mid,KR,organic
u004406,2026-08-28,ios,high,TW,google_ads
u004407,2026-08-28,android,mid,JP,meta_ads
u004408,2026-08-19,android,high,KR,google_ads
u004409,2026-08-17,ios,mid,KR,organic
u004410,2026-08-15,android,low,KR,meta_ads
u004411,2026-08-24,android,mid,KR,meta_ads
u004412,2026-08-31,ios,mid,US,google_ads
u004413,2026-08-26,android,high,KR,tiktok_ads
u004414,2026-09-02,android,mid,OTHER,organic
u004415,2026-08-19,ios,mid,KR,meta_ads
u004416,2026-09-03,ios,mid,KR,organic
u004417,2026-08-24,ios,mid,TW,organic
u004418,2026-09-03,ios,high,US,organic
u004419,2026-08-16,android,low,TW,organic
u004420,2026-08-21,ios,mid,JP,google_ads
u004421,2026-08-22,android,mid,JP,google_ads
u004422,2026-08-25,ios,high,KR,tiktok_ads
u004423,2026-08-28,ios,mid,US,organic
u004424,2026-08-16,ios,high,KR,organic
u004425,2026-08-21,android,high,US,organic
u004426,2026-08-18,android,high,KR,google_ads
u004427,2026-09-05,android,low,OTHER,google_ads
u004428,2026-08-17,android,low,KR,tiktok_ads
u004429,2026-08-24,ios,high,KR,google_ads
u004430,2026-08-15,android,low,JP,meta_ads
u004431,2026-08-18,android,high,TW,tiktok_ads
u004432,2026-08-27,ios,high,KR,organic
u004433,2026-08-20,ios,high,US,cross_promo
u004434,2026-08-21,ios,mid,KR,meta_ads
u004435,2026-08-26,android,mid,JP,meta_ads
u004436,2026-08-21,android,mid,TW,tiktok_ads
u004437,2026-08-25,android,low,US,organic
u004438,2026-08-28,android,low,KR,tiktok_ads
u004439,2026-08-17,android,low,KR,cross_promo
u004440,2026-08-24,android,mid,KR,cross_promo
u004441,2026-08-22,android,low,JP,tiktok_ads
u004442,2026-09-05,android,low,KR,google_ads
u004443,2026-09-01,android,mid,KR,google_ads
u004444,2026-08-21,android,high,KR,cross_promo
u004445,2026-08-27,android,low,JP,meta_ads
u004446,2026-08-16,android,low,KR,organic
u004447,2026-08-31,android,mid,OTHER,meta_ads
u004448,2026-08-31,android,low,KR,google_ads
u004449,2026-08-26,android,high,OTHER,organic
u004450,2026-08-26,ios,mid,JP,cross_promo
u004451,2026-08-17,ios,mid,OTHER,google_ads
u004452,2026-09-01,ios,mid,KR,organic
u004453,2026-08-21,android,low,KR,meta_ads
u004454,2026-09-06,android,mid,TW,cross_promo
u004455,2026-08-28,android,low,KR,organic
u004456,2026-09-01,android,low,JP,organic
u004457,2026-08-26,android,low,KR,organic
u004458,2026-08-22,android,mid,KR,meta_ads
u004459,2026-08-24,android,low,US,tiktok_ads
u004460,2026-08-17,ios,mid,US,organic
u004461,2026-08-30,ios,high,JP,tiktok_ads
u004462,2026-08-29,android,mid,TW,organic
u004463,2026-08-27,android,mid,KR,tiktok_ads
u004464,2026-09-03,android,mid,KR,organic
u004465,2026-08-17,ios,high,KR,google_ads
u004466,2026-09-02,ios,high,KR,organic
u004467,2026-09-04,android,low,JP,organic
u004468,2026-09-05,android,low,KR,tiktok_ads
u004469,2026-08-31,android,low,KR,organic
u004470,2026-09-02,android,high,OTHER,meta_ads
u004471,2026-08-18,ios,high,KR,google_ads
u004472,2026-08-15,ios,high,TW,cross_promo
u004473,2026-08-25,android,mid,KR,google_ads
u004474,2026-09-03,ios,mid,KR,meta_ads
u004475,2026-09-06,android,low,KR,tiktok_ads
u004476,2026-08-25,android,low,KR,tiktok_ads
u004477,2026-08-24,android,high,TW,meta_ads
u004478,2026-09-06,ios,low,KR,google_ads
u004479,2026-08-30,ios,mid,US,tiktok_ads
u004480,2026-09-04,android,mid,KR,meta_ads
u004481,2026-08-22,android,low,KR,organic
u004482,2026-09-06,ios,high,KR,google_ads
u004483,2026-08-24,android,low,KR,tiktok_ads
u004484,2026-08-24,ios,high,OTHER,organic
u004485,2026-08-29,android,low,TW,tiktok_ads
u004486,2026-09-01,ios,mid,JP,google_ads
u004487,2026-08-19,android,low,KR,tiktok_ads
u004488,2026-08-15,ios,low,KR,google_ads
u004489,2026-08-20,ios,mid,US,organic
u004490,2026-09-01,android,high,US,meta_ads
u004491,2026-08-30,android,mid,JP,meta_ads
u004492,2026-09-05,android,mid,OTHER,organic
u004493,2026-08-21,ios,mid,KR,organic
u004494,2026-09-02,android,high,TW,google_ads
u004495,2026-08-24,android,mid,US,google_ads
u004496,2026-08-29,ios,high,KR,tiktok_ads
u004497,2026-08-27,android,mid,KR,organic
u004498,2026-08-31,ios,mid,KR,meta_ads
u004499,2026-09-05,android,low,KR,organic
u004500,2026-08-27,android,low,KR,google_ads
u004501,2026-09-04,android,mid,KR,google_ads
u004502,2026-08-30,android,high,KR,cross_promo
u004503,2026-08-21,android,high,US,meta_ads
u004504,2026-08-22,android,low,KR,meta_ads
u004505,2026-08-21,android,low,US,organic
u004506,2026-08-27,ios,mid,KR,tiktok_ads
u004507,2026-08-18,android,low,KR,google_ads
u004508,2026-08-23,android,mid,KR,google_ads
u004509,2026-08-15,android,mid,JP,google_ads
u004510,2026-08-22,ios,high,KR,meta_ads
u004511,2026-09-06,android,mid,KR,meta_ads
u004512,2026-08-21,ios,high,TW,google_ads
u004513,2026-08-24,ios,mid,KR,meta_ads
u004514,2026-08-17,android,low,US,organic
u004515,2026-08-18,android,mid,OTHER,meta_ads
u004516,2026-08-24,ios,mid,JP,cross_promo
u004517,2026-09-02,android,high,KR,cross_promo
u004518,2026-09-01,android,low,KR,meta_ads
u004519,2026-08-28,android,low,TW,google_ads
u004520,2026-08-21,android,high,US,google_ads
u004521,2026-08-31,android,low,US,google_ads
u004522,2026-08-26,android,low,KR,organic
u004523,2026-08-29,android,mid,KR,google_ads
u004524,2026-08-28,ios,low,KR,google_ads
u004525,2026-09-04,ios,mid,KR,google_ads
u004526,2026-09-02,android,mid,KR,meta_ads
u004527,2026-09-05,android,low,KR,organic
u004528,2026-08-16,android,mid,TW,cross_promo
u004529,2026-08-25,ios,mid,KR,meta_ads
u004530,2026-08-26,ios,high,US,organic
u004531,2026-08-21,ios,high,JP,meta_ads
u004532,2026-08-27,ios,high,OTHER,cross_promo
u004533,2026-08-19,android,mid,KR,meta_ads
u004534,2026-08-22,android,mid,KR,tiktok_ads
u004535,2026-08-18,android,mid,KR,google_ads
u004536,2026-09-01,android,low,KR,tiktok_ads
u004537,2026-09-02,android,mid,OTHER,cross_promo
u004538,2026-09-05,ios,mid,KR,tiktok_ads
u004539,2026-09-06,android,low,OTHER,google_ads
u004540,2026-09-02,android,low,KR,organic
u004541,2026-08-23,android,low,JP,google_ads
u004542,2026-08-26,android,high,KR,meta_ads
u004543,2026-08-20,ios,high,KR,tiktok_ads
u004544,2026-08-23,android,mid,KR,meta_ads
u004545,2026-08-28,android,low,US,meta_ads
u004546,2026-08-23,android,mid,KR,meta_ads
u004547,2026-08-15,android,high,TW,meta_ads
u004548,2026-09-05,android,high,KR,organic
u004549,2026-09-05,android,low,KR,google_ads
u004550,2026-08-26,android,mid,OTHER,meta_ads
u004551,2026-09-03,android,low,KR,organic
u004552,2026-09-03,android,high,KR,organic
u004553,2026-08-19,ios,mid,KR,organic
u004554,2026-08-29,android,low,KR,google_ads
u004555,2026-09-04,ios,mid,US,google_ads
u004556,2026-09-04,android,mid,TW,google_ads
u004557,2026-09-01,ios,mid,JP,google_ads
u004558,2026-09-05,android,low,JP,organic
u004559,2026-08-26,android,low,KR,tiktok_ads
u004560,2026-08-15,android,low,JP,organic
u004561,2026-08-27,ios,mid,KR,google_ads
u004562,2026-09-02,ios,high,OTHER,cross_promo
u004563,2026-08-24,android,mid,JP,google_ads
u004564,2026-08-20,android,low,KR,organic
u004565,2026-08-17,ios,high,KR,tiktok_ads
u004566,2026-08-20,android,low,US,organic
u004567,2026-08-26,android,low,KR,meta_ads
u004568,2026-08-28,android,mid,KR,meta_ads
u004569,2026-08-18,android,low,TW,meta_ads
u004570,2026-08-21,android,mid,TW,meta_ads
u004571,2026-08-29,android,mid,OTHER,google_ads
u004572,2026-08-26,android,low,KR,meta_ads
u004573,2026-08-31,android,high,KR,google_ads
u004574,2026-09-05,ios,mid,KR,google_ads
u004575,2026-08-22,android,high,US,tiktok_ads
u004576,2026-08-27,android,high,KR,organic
u004577,2026-08-26,ios,high,KR,meta_ads
u004578,2026-09-03,android,low,OTHER,tiktok_ads
u004579,2026-09-04,ios,high,KR,tiktok_ads
u004580,2026-09-02,android,low,KR,google_ads
u004581,2026-09-04,android,low,KR,meta_ads
u004582,2026-09-05,ios,high,KR,organic
u004583,2026-08-21,ios,low,KR,organic
u004584,2026-08-22,android,mid,KR,organic
u004585,2026-09-03,ios,high,KR,meta_ads
u004586,2026-08-21,android,low,KR,organic
u004587,2026-09-05,android,mid,KR,organic
u004588,2026-08-15,android,low,KR,cross_promo
u004589,2026-08-18,android,low,KR,organic
u004590,2026-09-05,android,mid,TW,google_ads
u004591,2026-08-30,android,mid,OTHER,google_ads
u004592,2026-08-16,ios,high,OTHER,tiktok_ads
u004593,2026-08-21,ios,mid,US,meta_ads
u004594,2026-08-28,android,low,KR,google_ads
u004595,2026-08-26,android,mid,US,tiktok_ads
u004596,2026-08-21,android,mid,KR,organic
u004597,2026-08-25,ios,high,US,google_ads
u004598,2026-08-25,ios,mid,KR,meta_ads
u004599,2026-09-04,ios,high,KR,google_ads
u004600,2026-08-29,android,mid,TW,organic
u004601,2026-08-31,ios,mid,KR,organic
u004602,2026-08-23,ios,mid,KR,meta_ads
u004603,2026-08-23,android,high,KR,tiktok_ads
u004604,2026-09-05,android,mid,KR,meta_ads
u004605,2026-08-18,android,mid,KR,meta_ads
u004606,2026-08-17,ios,mid,US,google_ads
u004607,2026-08-24,android,low,KR,organic
u004608,2026-08-31,android,low,KR,cross_promo
u004609,2026-08-28,android,mid,TW,organic
u004610,2026-08-31,android,low,KR,google_ads
u004611,2026-08-25,android,mid,KR,tiktok_ads
u004612,2026-08-21,android,low,KR,google_ads
u004613,2026-08-17,android,high,OTHER,meta_ads
u004614,2026-09-05,ios,mid,KR,organic
u004615,2026-08-24,ios,mid,KR,organic
u004616,2026-08-20,android,low,KR,cross_promo
u004617,2026-09-04,android,low,TW,meta_ads
u004618,2026-09-06,android,mid,KR,google_ads
u004619,2026-09-04,android,mid,JP,cross_promo
u004620,2026-08-19,android,high,KR,meta_ads
u004621,2026-09-01,ios,low,KR,cross_promo
u004622,2026-09-05,ios,mid,US,meta_ads
u004623,2026-08-25,ios,high,KR,organic
u004624,2026-08-17,android,mid,KR,organic
u004625,2026-08-17,ios,mid,KR,tiktok_ads
u004626,2026-08-18,ios,high,US,google_ads
u004627,2026-08-23,android,mid,KR,organic
u004628,2026-08-23,ios,mid,KR,meta_ads
u004629,2026-08-22,ios,mid,KR,tiktok_ads
u004630,2026-08-20,android,mid,KR,google_ads
u004631,2026-08-31,ios,high,US,organic
u004632,2026-08-23,android,mid,KR,tiktok_ads
u004633,2026-08-19,ios,high,KR,google_ads
u004634,2026-08-18,ios,high,KR,google_ads
u004635,2026-08-17,android,low,OTHER,meta_ads
u004636,2026-08-19,android,low,KR,google_ads
u004637,2026-08-27,android,low,KR,google_ads
u004638,2026-08-20,android,mid,KR,organic
u004639,2026-08-15,ios,mid,KR,meta_ads
u004640,2026-08-19,ios,high,US,meta_ads
u004641,2026-08-20,ios,high,KR,organic
u004642,2026-08-21,ios,high,KR,organic
u004643,2026-09-04,android,low,US,organic
u004644,2026-09-04,ios,high,KR,tiktok_ads
u004645,2026-08-21,ios,high,KR,google_ads
u004646,2026-08-16,android,high,KR,organic
u004647,2026-08-26,ios,mid,KR,organic
u004648,2026-08-31,ios,mid,KR,google_ads
u004649,2026-08-21,android,high,JP,google_ads
u004650,2026-09-03,android,high,US,google_ads
u004651,2026-08-16,android,low,KR,organic
u004652,2026-08-22,ios,mid,TW,meta_ads
u004653,2026-08-25,android,low,OTHER,cross_promo
u004654,2026-08-31,ios,mid,KR,meta_ads
u004655,2026-08-20,android,low,KR,tiktok_ads
u004656,2026-08-18,ios,high,JP,organic
u004657,2026-08-23,android,low,KR,meta_ads
u004658,2026-08-23,android,mid,OTHER,cross_promo
u004659,2026-08-22,ios,low,US,google_ads
u004660,2026-08-29,android,mid,TW,google_ads
u004661,2026-08-19,ios,mid,US,organic
u004662,2026-08-28,ios,high,JP,meta_ads
u004663,2026-09-05,android,mid,KR,google_ads
u004664,2026-09-03,ios,high,JP,tiktok_ads
u004665,2026-08-26,android,low,US,tiktok_ads
u004666,2026-08-30,android,low,TW,google_ads
u004667,2026-09-06,ios,mid,JP,organic
u004668,2026-08-23,android,mid,KR,meta_ads
u004669,2026-09-05,android,high,KR,google_ads
u004670,2026-09-02,ios,mid,KR,organic
u004671,2026-08-16,ios,mid,KR,tiktok_ads
u004672,2026-08-31,android,mid,KR,organic
u004673,2026-09-05,android,low,KR,google_ads
u004674,2026-09-01,ios,mid,KR,meta_ads
u004675,2026-09-02,android,mid,KR,google_ads
u004676,2026-08-31,ios,mid,TW,meta_ads
u004677,2026-08-18,android,low,JP,tiktok_ads
u004678,2026-08-25,android,low,JP,tiktok_ads
u004679,2026-08-31,android,mid,US,organic
u004680,2026-08-27,ios,mid,KR,meta_ads
u004681,2026-09-06,android,mid,KR,tiktok_ads
u004682,2026-08-26,android,low,US,organic
u004683,2026-08-30,android,low,KR,meta_ads
u004684,2026-09-06,ios,mid,KR,meta_ads
u004685,2026-08-22,ios,mid,KR,organic
u004686,2026-08-17,ios,mid,KR,tiktok_ads
u004687,2026-08-22,android,low,JP,google_ads
u004688,2026-08-31,ios,high,KR,cross_promo
u004689,2026-08-18,android,mid,KR,tiktok_ads
u004690,2026-08-19,android,high,OTHER,organic
u004691,2026-08-31,ios,high,KR,organic
u004692,2026-08-23,android,mid,KR,meta_ads
u004693,2026-09-04,android,low,KR,tiktok_ads
u004694,2026-09-01,ios,high,US,organic
u004695,2026-08-25,android,mid,KR,tiktok_ads
u004696,2026-08-19,android,low,KR,meta_ads
u004697,2026-09-06,ios,high,KR,meta_ads
u004698,2026-09-04,ios,mid,KR,tiktok_ads
u004699,2026-09-01,ios,high,KR,tiktok_ads
u004700,2026-08-20,android,mid,KR,google_ads
u004701,2026-08-15,android,mid,KR,google_ads
u004702,2026-08-29,android,low,TW,meta_ads
u004703,2026-08-15,android,mid,KR,organic
u004704,2026-08-23,android,low,US,tiktok_ads
u004705,2026-08-25,android,mid,TW,organic
u004706,2026-08-30,android,low,US,tiktok_ads
u004707,2026-09-06,android,mid,KR,meta_ads
u004708,2026-09-03,ios,mid,KR,cross_promo
u004709,2026-08-24,android,mid,JP,google_ads
u004710,2026-08-16,android,mid,OTHER,google_ads
u004711,2026-08-17,ios,mid,KR,meta_ads
u004712,2026-08-30,android,high,KR,google_ads
u004713,2026-09-03,android,low,US,organic
u004714,2026-08-29,android,low,KR,tiktok_ads
u004715,2026-08-23,ios,mid,JP,google_ads
u004716,2026-08-22,ios,high,KR,organic
u004717,2026-08-25,android,low,KR,google_ads
u004718,2026-08-23,android,low,JP,organic
u004719,2026-08-25,ios,mid,KR,organic
u004720,2026-08-25,ios,high,TW,organic
u004721,2026-08-15,android,low,JP,google_ads
u004722,2026-08-27,android,mid,KR,meta_ads
u004723,2026-08-25,android,low,TW,meta_ads
u004724,2026-08-26,android,mid,TW,organic
u004725,2026-08-26,android,high,US,tiktok_ads
u004726,2026-08-25,android,low,KR,tiktok_ads
u004727,2026-09-04,android,low,KR,organic
u004728,2026-08-21,android,mid,KR,google_ads
u004729,2026-08-27,android,high,US,cross_promo
u004730,2026-08-19,ios,low,JP,tiktok_ads
u004731,2026-08-29,ios,low,TW,google_ads
u004732,2026-08-16,android,high,US,google_ads
u004733,2026-09-05,ios,mid,TW,meta_ads
u004734,2026-08-24,android,low,KR,google_ads
u004735,2026-08-26,ios,mid,KR,organic
u004736,2026-08-22,ios,mid,KR,organic
u004737,2026-08-24,android,low,TW,google_ads
u004738,2026-09-01,ios,high,OTHER,meta_ads
u004739,2026-08-20,ios,mid,TW,google_ads
u004740,2026-09-02,android,low,KR,organic
u004741,2026-08-28,ios,low,JP,meta_ads
u004742,2026-09-01,android,low,US,google_ads
u004743,2026-08-24,android,mid,KR,google_ads
u004744,2026-08-31,android,mid,KR,organic
u004745,2026-08-28,android,low,KR,meta_ads
u004746,2026-09-06,android,low,KR,tiktok_ads
u004747,2026-09-06,ios,mid,US,organic
u004748,2026-09-04,ios,mid,OTHER,tiktok_ads
u004749,2026-08-17,ios,high,KR,google_ads
u004750,2026-08-16,android,low,KR,organic
u004751,2026-08-17,android,high,KR,google_ads
u004752,2026-08-19,android,mid,TW,meta_ads
u004753,2026-09-06,ios,mid,US,tiktok_ads
u004754,2026-08-16,ios,mid,KR,organic
u004755,2026-09-02,ios,mid,KR,google_ads
u004756,2026-09-03,android,low,US,meta_ads
u004757,2026-08-15,android,low,KR,meta_ads
u004758,2026-08-29,android,mid,OTHER,organic
u004759,2026-08-24,android,low,KR,google_ads
u004760,2026-09-02,android,mid,KR,meta_ads
u004761,2026-09-03,ios,mid,US,meta_ads
u004762,2026-08-15,ios,mid,TW,meta_ads
u004763,2026-09-02,ios,high,JP,organic
u004764,2026-09-01,ios,mid,KR,organic
u004765,2026-08-20,ios,mid,KR,meta_ads
u004766,2026-08-16,android,low,KR,organic
u004767,2026-08-16,android,mid,KR,meta_ads
u004768,2026-08-26,ios,mid,JP,meta_ads
u004769,2026-08-30,android,mid,KR,google_ads
u004770,2026-08-15,android,low,KR,meta_ads
u004771,2026-08-26,android,low,KR,google_ads
u004772,2026-08-15,android,low,US,google_ads
u004773,2026-08-22,android,low,TW,cross_promo
u004774,2026-08-19,ios,low,JP,organic
u004775,2026-09-05,android,mid,US,google_ads
u004776,2026-08-27,android,high,JP,organic
u004777,2026-09-01,android,low,KR,organic
u004778,2026-08-25,android,mid,TW,organic
u004779,2026-08-30,android,low,US,organic
u004780,2026-08-26,android,high,KR,organic
u004781,2026-08-28,ios,mid,KR,organic
u004782,2026-08-30,android,low,US,tiktok_ads
u004783,2026-09-01,ios,low,KR,organic
u004784,2026-09-02,android,low,KR,cross_promo
u004785,2026-09-04,android,low,KR,tiktok_ads
u004786,2026-09-06,android,low,KR,tiktok_ads
u004787,2026-08-28,android,low,KR,google_ads
u004788,2026-08-15,android,mid,TW,meta_ads
u004789,2026-08-24,ios,mid,JP,organic
u004790,2026-08-24,ios,high,JP,tiktok_ads
u004791,2026-08-24,ios,mid,US,tiktok_ads
u004792,2026-08-29,android,low,OTHER,meta_ads
u004793,2026-09-06,ios,mid,KR,google_ads
u004794,2026-08-28,ios,mid,KR,organic
u004795,2026-08-28,android,mid,KR,google_ads
u004796,2026-08-18,ios,mid,KR,organic
u004797,2026-08-26,android,mid,TW,organic
u004798,2026-09-06,ios,mid,KR,meta_ads
u004799,2026-09-01,android,low,JP,organic
u004800,2026-08-31,android,low,KR,tiktok_ads
u004801,2026-08-27,android,high,KR,cross_promo
u004802,2026-09-01,android,high,TW,organic
u004803,2026-08-16,android,low,TW,google_ads
u004804,2026-08-29,ios,high,KR,organic
u004805,2026-08-24,android,mid,US,google_ads
u004806,2026-08-23,android,mid,US,organic
u004807,2026-08-24,android,low,TW,tiktok_ads
u004808,2026-08-31,ios,mid,US,tiktok_ads
u004809,2026-08-16,android,low,TW,meta_ads
u004810,2026-09-04,android,high,KR,cross_promo
u004811,2026-09-05,android,mid,US,organic
u004812,2026-09-03,android,low,KR,google_ads
u004813,2026-08-31,android,high,KR,organic
u004814,2026-08-15,android,mid,KR,organic
u004815,2026-08-22,android,mid,JP,organic
u004816,2026-09-02,ios,high,KR,organic
u004817,2026-08-28,android,high,TW,organic
u004818,2026-09-05,ios,high,JP,cross_promo
u004819,2026-09-01,android,low,JP,meta_ads
u004820,2026-08-26,ios,high,JP,tiktok_ads
u004821,2026-08-31,android,mid,KR,organic
u004822,2026-08-29,ios,mid,US,meta_ads
u004823,2026-08-22,ios,low,TW,cross_promo
u004824,2026-08-19,ios,high,KR,cross_promo
u004825,2026-09-04,android,mid,TW,organic
u004826,2026-09-05,android,mid,OTHER,organic
u004827,2026-08-29,android,low,KR,organic
u004828,2026-09-04,android,high,JP,cross_promo
u004829,2026-08-27,ios,mid,US,organic
u004830,2026-08-16,android,mid,TW,google_ads
u004831,2026-08-15,android,low,KR,cross_promo
u004832,2026-09-05,ios,mid,US,organic
u004833,2026-09-02,ios,mid,KR,meta_ads
u004834,2026-08-15,ios,mid,KR,organic
u004835,2026-08-26,android,high,KR,google_ads
u004836,2026-09-02,ios,high,KR,meta_ads
u004837,2026-09-02,android,high,JP,tiktok_ads
u004838,2026-09-06,android,low,KR,organic
u004839,2026-08-26,android,mid,KR,google_ads
u004840,2026-09-02,android,low,TW,organic
u004841,2026-08-19,ios,mid,TW,google_ads
u004842,2026-08-25,android,low,KR,google_ads
u004843,2026-08-25,ios,high,KR,google_ads
u004844,2026-09-05,android,low,KR,organic
u004845,2026-08-22,android,mid,KR,meta_ads
u004846,2026-08-24,ios,mid,US,meta_ads
u004847,2026-08-15,ios,mid,KR,cross_promo
u004848,2026-08-17,android,mid,KR,tiktok_ads
u004849,2026-08-22,android,high,KR,organic
u004850,2026-08-16,android,low,US,tiktok_ads
u004851,2026-09-03,android,low,KR,meta_ads
u004852,2026-09-04,android,low,TW,meta_ads
u004853,2026-08-29,ios,mid,JP,google_ads
u004854,2026-08-27,android,low,JP,organic
u004855,2026-08-19,android,low,TW,google_ads
u004856,2026-08-24,android,high,US,meta_ads
u004857,2026-09-06,android,low,KR,organic
u004858,2026-09-03,android,high,US,organic
u004859,2026-09-04,ios,high,KR,google_ads
u004860,2026-08-23,android,mid,KR,cross_promo
u004861,2026-08-17,android,low,OTHER,meta_ads
u004862,2026-09-01,android,low,TW,cross_promo
u004863,2026-09-06,ios,mid,KR,tiktok_ads
u004864,2026-08-17,android,low,TW,organic
u004865,2026-08-16,ios,mid,OTHER,google_ads
u004866,2026-09-01,android,low,KR,cross_promo
u004867,2026-08-26,ios,high,KR,organic
u004868,2026-08-22,ios,high,KR,organic
u004869,2026-08-16,android,mid,KR,tiktok_ads
u004870,2026-08-22,android,low,JP,google_ads
u004871,2026-08-27,android,low,KR,meta_ads
u004872,2026-08-21,android,mid,OTHER,google_ads
u004873,2026-09-02,android,mid,KR,tiktok_ads
u004874,2026-08-16,android,high,OTHER,organic
u004875,2026-08-29,android,low,US,organic
u004876,2026-09-03,android,low,KR,google_ads
u004877,2026-08-15,android,low,OTHER,meta_ads
u004878,2026-08-20,android,mid,KR,meta_ads
u004879,2026-08-29,ios,mid,KR,cross_promo
u004880,2026-08-26,android,mid,JP,organic
u004881,2026-08-19,android,low,US,meta_ads
u004882,2026-08-28,android,low,KR,meta_ads
u004883,2026-08-30,android,high,KR,google_ads
u004884,2026-08-28,android,low,KR,meta_ads
u004885,2026-08-24,ios,high,JP,meta_ads
u004886,2026-08-18,ios,high,KR,tiktok_ads
u004887,2026-09-04,ios,mid,US,meta_ads
u004888,2026-08-20,ios,high,KR,google_ads
u004889,2026-08-29,android,mid,KR,google_ads
u004890,2026-09-02,android,mid,KR,meta_ads
u004891,2026-08-25,android,low,KR,meta_ads
u004892,2026-08-22,ios,mid,KR,meta_ads
u004893,2026-08-16,android,low,KR,google_ads
u004894,2026-08-18,android,mid,KR,organic
u004895,2026-08-26,android,low,KR,organic
u004896,2026-08-28,ios,high,KR,organic
u004897,2026-09-01,android,low,US,organic
u004898,2026-08-19,android,mid,KR,meta_ads
u004899,2026-08-22,ios,high,US,tiktok_ads
u004900,2026-08-18,android,mid,KR,organic
u004901,2026-08-30,ios,low,KR,organic
u004902,2026-08-23,android,low,KR,organic
u004903,2026-08-24,android,low,KR,organic
u004904,2026-09-01,android,low,US,tiktok_ads
u004905,2026-08-28,android,mid,KR,google_ads
u004906,2026-08-28,android,mid,OTHER,meta_ads
u004907,2026-09-01,android,mid,TW,meta_ads
u004908,2026-08-19,ios,mid,KR,tiktok_ads
u004909,2026-08-31,ios,mid,OTHER,google_ads
u004910,2026-08-29,android,high,KR,meta_ads
u004911,2026-08-15,android,low,US,organic
u004912,2026-09-01,android,low,KR,tiktok_ads
u004913,2026-08-19,ios,mid,KR,organic
u004914,2026-08-16,android,mid,KR,tiktok_ads
u004915,2026-08-26,android,high,TW,organic
u004916,2026-08-16,android,low,US,google_ads
u004917,2026-09-02,android,mid,US,tiktok_ads
u004918,2026-09-01,android,mid,TW,cross_promo
u004919,2026-08-15,android,high,KR,meta_ads
u004920,2026-08-29,ios,mid,KR,organic
u004921,2026-08-31,android,mid,KR,google_ads
u004922,2026-09-01,android,low,US,organic
u004923,2026-08-25,ios,low,KR,tiktok_ads
u004924,2026-08-30,android,low,KR,google_ads
u004925,2026-08-31,android,high,KR,tiktok_ads
u004926,2026-08-16,ios,mid,TW,meta_ads
u004927,2026-08-21,android,mid,KR,meta_ads
u004928,2026-08-23,android,mid,KR,google_ads
u004929,2026-08-26,android,mid,US,google_ads
u004930,2026-08-27,ios,high,KR,meta_ads
u004931,2026-08-25,android,mid,KR,meta_ads
u004932,2026-09-04,android,high,KR,organic
u004933,2026-09-05,ios,high,KR,cross_promo
u004934,2026-08-24,android,mid,KR,meta_ads
u004935,2026-08-20,ios,high,KR,meta_ads
u004936,2026-08-19,android,mid,JP,organic
u004937,2026-09-03,android,mid,KR,cross_promo
u004938,2026-09-01,android,low,KR,organic
u004939,2026-08-26,android,mid,KR,organic
u004940,2026-08-27,android,low,KR,google_ads
u004941,2026-08-31,ios,high,KR,tiktok_ads
u004942,2026-08-15,android,low,KR,organic
u004943,2026-08-24,android,low,US,organic
u004944,2026-08-29,android,low,KR,meta_ads
u004945,2026-09-02,ios,high,US,tiktok_ads
u004946,2026-08-27,ios,mid,TW,tiktok_ads
u004947,2026-08-28,ios,high,KR,google_ads
u004948,2026-08-15,ios,mid,TW,organic
u004949,2026-08-24,android,low,KR,google_ads
u004950,2026-08-19,android,low,KR,organic
u004951,2026-08-24,ios,mid,JP,meta_ads
u004952,2026-09-01,android,high,KR,google_ads
u004953,2026-08-18,android,mid,US,google_ads
u004954,2026-08-31,ios,high,KR,tiktok_ads
u004955,2026-08-27,android,mid,KR,organic
u004956,2026-08-15,android,mid,US,organic
u004957,2026-08-16,ios,high,KR,organic
u004958,2026-08-17,ios,high,JP,meta_ads
u004959,2026-08-18,android,low,KR,organic
u004960,2026-08-19,ios,high,KR,tiktok_ads
u004961,2026-08-27,android,low,US,organic
u004962,2026-08-15,ios,high,KR,organic
u004963,2026-08-19,android,mid,OTHER,cross_promo
u004964,2026-08-17,android,high,US,tiktok_ads
u004965,2026-08-15,android,low,KR,meta_ads
u004966,2026-08-31,ios,high,KR,organic
u004967,2026-09-02,ios,mid,KR,meta_ads
u004968,2026-08-19,ios,mid,KR,organic
u004969,2026-08-19,ios,mid,KR,tiktok_ads
u004970,2026-09-04,android,low,TW,organic
u004971,2026-08-19,android,high,TW,organic
u004972,2026-09-01,android,high,KR,organic
u004973,2026-08-20,android,low,KR,organic
u004974,2026-08-28,android,low,KR,tiktok_ads
u004975,2026-08-21,android,low,US,google_ads
u004976,2026-09-04,android,low,US,google_ads
u004977,2026-08-18,android,high,JP,meta_ads
u004978,2026-08-25,ios,mid,KR,google_ads
u004979,2026-08-30,ios,high,TW,tiktok_ads
u004980,2026-08-21,ios,high,KR,organic
u004981,2026-08-17,android,low,TW,tiktok_ads
u004982,2026-09-04,ios,high,JP,meta_ads
u004983,2026-08-30,android,low,TW,google_ads
u004984,2026-08-30,android,low,KR,google_ads
u004985,2026-08-27,ios,high,KR,meta_ads
u004986,2026-08-16,android,mid,KR,organic
u004987,2026-08-31,android,mid,KR,google_ads
u004988,2026-09-03,android,low,KR,tiktok_ads
u004989,2026-08-20,android,low,KR,meta_ads
u004990,2026-09-06,android,high,KR,cross_promo
u004991,2026-08-26,ios,mid,KR,tiktok_ads
u004992,2026-09-05,ios,mid,KR,tiktok_ads
u004993,2026-08-17,android,low,KR,organic
u004994,2026-08-29,android,low,TW,google_ads
u004995,2026-08-17,android,mid,KR,meta_ads
u004996,2026-08-31,android,mid,US,organic
u004997,2026-09-01,ios,low,TW,meta_ads
u004998,2026-08-28,android,low,KR,google_ads
u004999,2026-09-06,ios,mid,KR,tiktok_ads
u005000,2026-08-23,android,low,KR,tiktok_ads
u005001,2026-08-26,ios,mid,KR,organic
u005002,2026-08-23,ios,high,KR,google_ads
u005003,2026-08-17,android,high,JP,meta_ads
u005004,2026-09-06,ios,mid,OTHER,google_ads
u005005,2026-08-24,android,high,OTHER,meta_ads
u005006,2026-08-23,ios,mid,US,meta_ads
u005007,2026-09-06,android,mid,KR,tiktok_ads
u005008,2026-09-06,android,high,OTHER,tiktok_ads
u005009,2026-08-24,android,mid,JP,tiktok_ads
u005010,2026-08-21,android,mid,KR,tiktok_ads
u005011,2026-09-02,android,high,KR,organic
u005012,2026-08-18,android,low,KR,google_ads
u005013,2026-08-20,ios,high,KR,organic
u005014,2026-09-03,android,low,OTHER,meta_ads
u005015,2026-08-19,android,mid,JP,tiktok_ads
u005016,2026-08-29,android,mid,US,google_ads
u005017,2026-08-27,android,mid,US,meta_ads
u005018,2026-08-25,android,mid,KR,google_ads
u005019,2026-08-30,android,mid,OTHER,organic
u005020,2026-08-18,android,mid,OTHER,meta_ads
u005021,2026-09-04,android,mid,KR,google_ads
u005022,2026-08-27,android,mid,KR,organic
u005023,2026-08-23,ios,mid,KR,tiktok_ads
u005024,2026-08-16,android,mid,KR,meta_ads
u005025,2026-08-21,ios,mid,US,meta_ads
u005026,2026-08-25,android,mid,KR,google_ads
u005027,2026-08-16,android,mid,JP,google_ads
u005028,2026-08-23,ios,high,KR,tiktok_ads
u005029,2026-09-06,android,low,US,organic
u005030,2026-08-24,ios,mid,KR,organic
u005031,2026-09-05,android,low,JP,meta_ads
u005032,2026-08-31,android,low,KR,tiktok_ads
u005033,2026-08-31,android,low,KR,meta_ads
u005034,2026-08-22,ios,mid,OTHER,organic
u005035,2026-09-05,android,high,KR,tiktok_ads
u005036,2026-08-29,android,high,KR,organic
u005037,2026-08-27,android,mid,KR,google_ads
u005038,2026-08-26,android,low,US,organic
u005039,2026-08-19,ios,high,KR,organic
u005040,2026-08-23,ios,mid,KR,meta_ads
u005041,2026-08-16,ios,mid,US,google_ads
u005042,2026-08-31,ios,low,KR,meta_ads
u005043,2026-08-16,ios,low,OTHER,google_ads
u005044,2026-08-17,android,mid,KR,meta_ads
u005045,2026-09-01,android,high,KR,tiktok_ads
u005046,2026-08-24,android,high,JP,google_ads
u005047,2026-09-04,android,mid,JP,meta_ads
u005048,2026-08-31,android,mid,OTHER,google_ads
u005049,2026-08-30,android,high,KR,organic
u005050,2026-08-22,ios,high,KR,organic
u005051,2026-08-25,ios,mid,KR,organic
u005052,2026-09-02,android,high,KR,google_ads
u005053,2026-08-28,ios,mid,KR,google_ads
u005054,2026-08-20,android,low,OTHER,meta_ads
u005055,2026-09-06,android,mid,OTHER,google_ads
u005056,2026-08-15,android,high,TW,meta_ads
u005057,2026-09-02,android,mid,KR,organic
u005058,2026-09-03,ios,high,JP,cross_promo
u005059,2026-08-25,android,high,US,meta_ads
u005060,2026-09-01,android,low,OTHER,organic
u005061,2026-09-04,ios,high,KR,organic
u005062,2026-08-17,ios,mid,US,organic
u005063,2026-09-04,ios,high,US,tiktok_ads
u005064,2026-09-01,android,low,KR,meta_ads
u005065,2026-08-15,ios,mid,JP,google_ads
u005066,2026-09-03,android,mid,KR,organic
u005067,2026-08-26,android,high,KR,meta_ads
u005068,2026-08-29,android,low,KR,organic
u005069,2026-09-01,ios,high,KR,organic
u005070,2026-08-25,ios,mid,KR,organic
u005071,2026-08-19,ios,mid,US,organic
u005072,2026-08-19,ios,high,KR,organic
u005073,2026-08-31,android,low,US,organic
u005074,2026-08-25,android,mid,JP,organic
u005075,2026-08-22,ios,mid,JP,tiktok_ads
u005076,2026-09-05,android,mid,KR,tiktok_ads
u005077,2026-09-03,ios,mid,US,cross_promo
u005078,2026-08-17,ios,mid,OTHER,organic
u005079,2026-08-18,ios,mid,KR,organic
u005080,2026-08-18,android,low,JP,organic
u005081,2026-08-30,android,low,JP,google_ads
u005082,2026-09-04,android,high,KR,google_ads
u005083,2026-08-27,ios,high,US,google_ads
u005084,2026-08-25,android,high,KR,google_ads
u005085,2026-08-15,android,low,KR,meta_ads
u005086,2026-08-24,ios,mid,KR,organic
u005087,2026-09-06,android,high,TW,meta_ads
u005088,2026-08-29,android,low,KR,organic
u005089,2026-09-03,android,high,JP,tiktok_ads
u005090,2026-08-27,android,low,US,organic
u005091,2026-08-20,android,low,US,cross_promo
u005092,2026-08-26,android,low,TW,meta_ads
u005093,2026-08-22,ios,mid,KR,google_ads
u005094,2026-08-20,ios,high,KR,meta_ads
u005095,2026-08-15,android,mid,KR,organic
u005096,2026-08-27,android,low,KR,tiktok_ads
u005097,2026-08-30,android,mid,KR,organic
u005098,2026-09-05,ios,low,US,organic
u005099,2026-08-23,ios,high,KR,organic
u005100,2026-08-20,ios,low,KR,meta_ads
u005101,2026-09-04,android,mid,US,tiktok_ads
u005102,2026-09-02,android,high,TW,google_ads
u005103,2026-09-01,android,mid,KR,tiktok_ads
u005104,2026-08-27,ios,mid,KR,tiktok_ads
u005105,2026-09-01,android,high,JP,tiktok_ads
u005106,2026-09-05,android,low,OTHER,organic
u005107,2026-08-23,ios,high,KR,meta_ads
u005108,2026-08-27,android,low,KR,organic
u005109,2026-08-22,android,low,US,meta_ads
u005110,2026-08-30,android,low,KR,organic
u005111,2026-08-16,ios,mid,TW,tiktok_ads
u005112,2026-09-01,android,mid,TW,tiktok_ads
u005113,2026-08-20,android,high,TW,tiktok_ads
u005114,2026-08-21,ios,mid,JP,google_ads
u005115,2026-08-16,ios,high,KR,google_ads
u005116,2026-08-20,ios,high,KR,meta_ads
u005117,2026-08-17,ios,mid,KR,google_ads
u005118,2026-09-03,ios,high,KR,tiktok_ads
u005119,2026-09-02,android,high,OTHER,organic
u005120,2026-08-29,ios,high,JP,cross_promo
u005121,2026-08-30,ios,high,OTHER,tiktok_ads
u005122,2026-08-27,ios,mid,JP,meta_ads
u005123,2026-08-24,android,mid,OTHER,organic
u005124,2026-08-23,android,mid,JP,google_ads
u005125,2026-08-22,android,mid,KR,tiktok_ads
u005126,2026-08-28,android,low,OTHER,meta_ads
u005127,2026-09-02,ios,mid,KR,meta_ads
u005128,2026-08-24,android,low,KR,meta_ads
u005129,2026-08-22,android,mid,KR,google_ads
u005130,2026-09-01,android,mid,KR,meta_ads
u005131,2026-08-21,ios,low,OTHER,organic
u005132,2026-08-16,ios,mid,TW,meta_ads
u005133,2026-09-03,android,low,KR,google_ads
u005134,2026-08-25,ios,high,KR,cross_promo
u005135,2026-09-01,android,low,JP,cross_promo
u005136,2026-09-06,ios,mid,KR,organic
u005137,2026-08-19,android,low,JP,google_ads
u005138,2026-08-26,ios,high,KR,organic
u005139,2026-09-04,android,high,KR,tiktok_ads
u005140,2026-08-30,ios,high,TW,organic
u005141,2026-09-04,ios,high,KR,tiktok_ads
u005142,2026-08-31,android,low,KR,google_ads
u005143,2026-08-24,android,mid,TW,meta_ads
u005144,2026-08-22,android,high,KR,tiktok_ads
u005145,2026-09-04,ios,high,OTHER,meta_ads
u005146,2026-09-05,android,low,TW,organic
u005147,2026-08-29,android,high,US,tiktok_ads
u005148,2026-09-02,ios,mid,KR,google_ads
u005149,2026-08-28,android,mid,JP,organic
u005150,2026-09-03,ios,high,KR,organic
u005151,2026-08-21,ios,mid,KR,organic
u005152,2026-09-03,android,mid,KR,meta_ads
u005153,2026-08-19,android,mid,US,organic
u005154,2026-08-26,ios,mid,KR,google_ads
u005155,2026-08-19,android,low,KR,meta_ads
u005156,2026-08-24,ios,high,US,tiktok_ads
u005157,2026-08-24,android,high,KR,meta_ads
u005158,2026-09-02,android,mid,KR,tiktok_ads
u005159,2026-09-01,android,mid,KR,tiktok_ads
u005160,2026-08-25,android,mid,US,tiktok_ads
u005161,2026-08-22,android,mid,KR,organic
u005162,2026-08-31,android,low,KR,cross_promo
u005163,2026-08-30,android,mid,OTHER,meta_ads
u005164,2026-08-22,android,high,KR,organic
u005165,2026-08-21,android,mid,KR,tiktok_ads
u005166,2026-08-24,android,mid,KR,organic
u005167,2026-09-02,android,low,KR,meta_ads
u005168,2026-08-19,android,mid,JP,tiktok_ads
u005169,2026-08-31,android,low,US,tiktok_ads
u005170,2026-08-28,android,mid,JP,meta_ads
u005171,2026-08-30,ios,mid,KR,organic
u005172,2026-08-31,ios,mid,JP,meta_ads
u005173,2026-08-20,android,mid,KR,google_ads
u005174,2026-09-03,android,low,OTHER,tiktok_ads
u005175,2026-08-26,ios,high,KR,meta_ads
u005176,2026-08-21,android,low,OTHER,tiktok_ads
u005177,2026-08-26,ios,high,TW,meta_ads
u005178,2026-08-16,android,low,US,tiktok_ads
u005179,2026-08-30,ios,low,KR,tiktok_ads
u005180,2026-08-21,android,low,KR,meta_ads
u005181,2026-08-24,android,low,US,meta_ads
u005182,2026-08-16,ios,mid,KR,meta_ads
u005183,2026-08-20,ios,mid,TW,meta_ads
u005184,2026-08-20,android,low,US,google_ads
u005185,2026-09-06,android,high,KR,cross_promo
u005186,2026-08-27,android,mid,US,google_ads
u005187,2026-08-26,android,mid,TW,organic
u005188,2026-09-05,ios,mid,US,organic
u005189,2026-09-03,android,low,JP,google_ads
u005190,2026-08-23,android,low,KR,organic
u005191,2026-08-29,android,low,US,organic
u005192,2026-09-05,android,low,KR,google_ads
u005193,2026-08-24,ios,high,TW,organic
u005194,2026-08-19,android,high,KR,tiktok_ads
u005195,2026-09-04,android,mid,KR,organic
u005196,2026-08-23,ios,mid,OTHER,google_ads
u005197,2026-09-01,android,mid,US,meta_ads
u005198,2026-09-05,ios,mid,KR,meta_ads
u005199,2026-08-20,android,low,KR,google_ads
u005200,2026-08-26,android,mid,KR,cross_promo
u005201,2026-08-16,ios,mid,KR,google_ads
u005202,2026-08-19,android,mid,KR,meta_ads
u005203,2026-08-24,ios,high,JP,google_ads
u005204,2026-09-05,ios,high,KR,meta_ads
u005205,2026-08-29,android,high,KR,google_ads
u005206,2026-08-21,ios,high,KR,organic
u005207,2026-09-03,ios,mid,JP,google_ads
u005208,2026-08-31,ios,mid,KR,google_ads
u005209,2026-08-21,android,high,JP,organic
u005210,2026-08-27,android,mid,KR,meta_ads
u005211,2026-08-20,android,mid,KR,meta_ads
u005212,2026-08-25,android,high,US,tiktok_ads
u005213,2026-09-01,ios,high,KR,organic
u005214,2026-09-05,ios,mid,KR,tiktok_ads
u005215,2026-08-25,ios,mid,KR,organic
u005216,2026-08-20,android,high,KR,google_ads
u005217,2026-08-27,android,mid,KR,meta_ads
u005218,2026-09-03,android,low,KR,tiktok_ads
u005219,2026-08-15,ios,mid,JP,google_ads
u005220,2026-08-30,ios,low,JP,tiktok_ads
u005221,2026-08-24,android,mid,OTHER,google_ads
u005222,2026-08-30,android,low,US,google_ads
u005223,2026-09-01,ios,mid,KR,meta_ads
u005224,2026-08-31,ios,high,KR,meta_ads
u005225,2026-08-20,ios,mid,KR,meta_ads
u005226,2026-08-21,android,low,KR,meta_ads
u005227,2026-08-18,ios,mid,KR,google_ads
u005228,2026-08-30,android,high,TW,organic
u005229,2026-08-23,android,low,KR,tiktok_ads
u005230,2026-08-18,ios,low,KR,google_ads
u005231,2026-08-17,ios,high,JP,google_ads
u005232,2026-08-17,android,low,KR,organic
u005233,2026-08-25,android,low,KR,organic
u005234,2026-08-26,ios,mid,KR,google_ads
u005235,2026-08-30,android,mid,KR,cross_promo
u005236,2026-08-21,android,high,OTHER,meta_ads
u005237,2026-08-19,android,mid,JP,cross_promo
u005238,2026-08-27,android,low,JP,cross_promo
u005239,2026-08-31,android,mid,JP,tiktok_ads
u005240,2026-08-18,android,low,KR,organic
u005241,2026-08-27,android,mid,KR,meta_ads
u005242,2026-09-04,android,low,US,meta_ads
u005243,2026-09-04,ios,high,JP,google_ads
u005244,2026-09-03,android,mid,JP,tiktok_ads
u005245,2026-08-26,android,low,KR,meta_ads
u005246,2026-08-28,ios,mid,KR,meta_ads
u005247,2026-08-15,android,low,OTHER,cross_promo
u005248,2026-08-18,android,low,KR,google_ads
u005249,2026-08-20,ios,mid,KR,tiktok_ads
u005250,2026-08-29,android,high,KR,meta_ads
u005251,2026-09-06,android,mid,KR,cross_promo
u005252,2026-08-20,ios,mid,JP,meta_ads
u005253,2026-09-03,ios,mid,KR,meta_ads
u005254,2026-08-17,android,low,US,google_ads
u005255,2026-09-05,android,high,KR,meta_ads
u005256,2026-08-23,ios,high,OTHER,tiktok_ads
u005257,2026-08-27,android,mid,KR,organic
u005258,2026-08-30,ios,low,KR,meta_ads
u005259,2026-08-24,ios,low,OTHER,meta_ads
u005260,2026-08-30,ios,high,KR,organic
u005261,2026-08-18,android,low,US,meta_ads
u005262,2026-08-19,android,mid,TW,tiktok_ads
u005263,2026-08-16,android,mid,US,organic
u005264,2026-08-16,android,mid,OTHER,meta_ads
u005265,2026-08-20,ios,high,OTHER,meta_ads
u005266,2026-09-06,ios,mid,KR,tiktok_ads
u005267,2026-08-22,android,low,KR,organic
u005268,2026-08-31,android,low,KR,meta_ads
u005269,2026-08-17,ios,high,KR,google_ads
u005270,2026-08-19,android,low,KR,organic
u005271,2026-08-22,ios,mid,KR,organic
u005272,2026-09-01,android,low,TW,organic
u005273,2026-08-30,android,low,OTHER,tiktok_ads
u005274,2026-09-03,android,low,KR,tiktok_ads
u005275,2026-08-22,android,mid,KR,organic
u005276,2026-08-31,android,mid,OTHER,organic
u005277,2026-08-18,android,high,KR,meta_ads
u005278,2026-08-23,android,high,KR,meta_ads
u005279,2026-08-18,android,low,JP,organic
u005280,2026-08-28,android,high,KR,meta_ads
u005281,2026-09-02,ios,mid,KR,google_ads
u005282,2026-08-25,ios,mid,JP,organic
u005283,2026-08-23,ios,mid,KR,meta_ads
u005284,2026-08-27,ios,high,TW,meta_ads
u005285,2026-09-04,android,low,US,organic
u005286,2026-08-16,android,mid,US,tiktok_ads
u005287,2026-08-30,android,mid,KR,organic
u005288,2026-08-18,android,low,KR,meta_ads
u005289,2026-08-19,android,mid,KR,organic
u005290,2026-09-02,android,mid,KR,meta_ads
u005291,2026-08-20,ios,high,KR,tiktok_ads
u005292,2026-09-03,ios,high,KR,meta_ads
u005293,2026-08-17,android,mid,KR,organic
u005294,2026-08-24,ios,mid,TW,tiktok_ads
u005295,2026-08-24,android,high,KR,google_ads
u005296,2026-09-04,ios,high,KR,tiktok_ads
u005297,2026-08-22,android,mid,TW,meta_ads
u005298,2026-09-03,android,mid,OTHER,google_ads
u005299,2026-08-20,ios,low,JP,meta_ads
u005300,2026-08-20,android,low,US,meta_ads
u005301,2026-08-21,android,mid,US,organic
u005302,2026-09-04,ios,low,KR,tiktok_ads
u005303,2026-08-16,ios,mid,JP,google_ads
u005304,2026-09-03,android,mid,OTHER,tiktok_ads
u005305,2026-08-27,ios,mid,KR,organic
u005306,2026-09-03,ios,mid,US,google_ads
u005307,2026-08-16,android,mid,KR,tiktok_ads
u005308,2026-08-15,android,mid,KR,organic
u005309,2026-08-28,ios,high,KR,tiktok_ads
u005310,2026-09-04,android,low,US,google_ads
u005311,2026-08-26,android,high,KR,organic
u005312,2026-09-02,android,low,US,organic
u005313,2026-08-24,android,low,US,meta_ads
u005314,2026-08-15,android,mid,KR,tiktok_ads
u005315,2026-08-24,android,mid,KR,google_ads
u005316,2026-08-15,android,mid,OTHER,google_ads
u005317,2026-09-06,android,high,KR,organic
u005318,2026-08-20,android,low,TW,google_ads
u005319,2026-08-28,android,mid,TW,google_ads
u005320,2026-08-28,ios,mid,JP,tiktok_ads
u005321,2026-08-28,android,mid,JP,meta_ads
u005322,2026-08-24,android,mid,US,organic
u005323,2026-08-17,ios,low,KR,google_ads
u005324,2026-08-23,android,mid,KR,google_ads
u005325,2026-08-31,android,low,KR,google_ads
u005326,2026-08-16,android,low,TW,google_ads
u005327,2026-08-19,android,low,JP,google_ads
u005328,2026-08-27,android,mid,KR,organic
u005329,2026-08-27,ios,high,OTHER,cross_promo
u005330,2026-08-20,ios,mid,KR,google_ads
u005331,2026-08-18,ios,mid,KR,meta_ads
u005332,2026-09-05,android,low,KR,cross_promo
u005333,2026-08-19,ios,high,KR,organic
u005334,2026-08-20,ios,high,TW,tiktok_ads
u005335,2026-08-25,android,mid,KR,organic
u005336,2026-08-21,android,low,KR,organic
u005337,2026-09-04,ios,high,KR,tiktok_ads
u005338,2026-08-23,android,high,KR,organic
u005339,2026-09-02,android,mid,KR,google_ads
u005340,2026-09-04,ios,high,OTHER,meta_ads
u005341,2026-08-25,android,mid,US,organic
u005342,2026-09-02,android,mid,KR,meta_ads
u005343,2026-08-25,ios,high,JP,organic
u005344,2026-08-23,ios,mid,KR,meta_ads
u005345,2026-08-21,ios,high,US,meta_ads
u005346,2026-08-29,android,mid,TW,meta_ads
u005347,2026-08-18,ios,low,KR,tiktok_ads
u005348,2026-08-21,ios,low,KR,organic
u005349,2026-08-30,ios,high,TW,meta_ads
u005350,2026-08-19,android,low,KR,tiktok_ads
u005351,2026-08-19,android,low,KR,google_ads
u005352,2026-08-19,ios,mid,KR,meta_ads
u005353,2026-09-05,android,high,OTHER,tiktok_ads
u005354,2026-08-28,android,mid,OTHER,google_ads
u005355,2026-08-18,android,low,OTHER,meta_ads
u005356,2026-09-04,android,low,KR,meta_ads
u005357,2026-09-02,android,low,KR,organic
u005358,2026-08-29,android,mid,KR,organic
u005359,2026-08-26,ios,mid,US,google_ads
u005360,2026-08-23,android,mid,KR,google_ads
u005361,2026-08-17,ios,mid,KR,tiktok_ads
u005362,2026-08-15,android,mid,US,meta_ads
u005363,2026-09-03,ios,mid,US,meta_ads
u005364,2026-08-21,android,mid,US,organic
u005365,2026-08-26,android,low,KR,organic
u005366,2026-08-16,ios,mid,KR,cross_promo
u005367,2026-08-31,android,mid,KR,organic
u005368,2026-08-17,ios,mid,KR,google_ads
u005369,2026-08-31,android,high,KR,meta_ads
u005370,2026-09-04,android,high,OTHER,cross_promo
u005371,2026-08-16,android,high,OTHER,google_ads
u005372,2026-08-23,ios,mid,TW,meta_ads
u005373,2026-08-16,android,low,TW,organic
u005374,2026-08-23,android,mid,KR,organic
u005375,2026-08-17,android,mid,KR,meta_ads
u005376,2026-08-29,ios,mid,US,organic
u005377,2026-08-15,android,low,KR,meta_ads
u005378,2026-08-19,android,high,KR,organic
u005379,2026-08-19,android,mid,KR,organic
u005380,2026-08-23,android,mid,US,organic
u005381,2026-09-05,android,low,TW,google_ads
u005382,2026-08-28,android,mid,TW,organic
u005383,2026-09-04,ios,mid,TW,organic
u005384,2026-08-17,android,mid,KR,cross_promo
u005385,2026-09-04,ios,mid,TW,google_ads
u005386,2026-08-28,ios,high,KR,tiktok_ads
u005387,2026-08-30,android,mid,JP,organic
u005388,2026-09-01,ios,low,KR,tiktok_ads
u005389,2026-08-30,ios,mid,KR,meta_ads
u005390,2026-08-20,ios,high,JP,meta_ads
u005391,2026-09-03,ios,high,KR,google_ads
u005392,2026-08-30,ios,high,KR,tiktok_ads
u005393,2026-08-19,ios,high,KR,tiktok_ads
u005394,2026-08-15,android,low,KR,meta_ads
u005395,2026-08-22,ios,low,TW,organic
u005396,2026-08-16,android,high,KR,tiktok_ads
u005397,2026-08-23,android,high,KR,organic
u005398,2026-08-25,ios,mid,US,meta_ads
u005399,2026-08-26,ios,high,KR,meta_ads
u005400,2026-08-23,ios,high,TW,google_ads
u005401,2026-08-29,ios,high,US,tiktok_ads
u005402,2026-08-23,ios,mid,KR,google_ads
u005403,2026-08-16,android,high,US,organic
u005404,2026-08-23,ios,mid,US,google_ads
u005405,2026-08-25,android,high,KR,cross_promo
u005406,2026-09-05,android,low,TW,google_ads
u005407,2026-09-06,android,mid,KR,meta_ads
u005408,2026-08-26,android,low,KR,meta_ads
u005409,2026-08-22,android,mid,KR,organic
u005410,2026-08-31,android,high,TW,organic
u005411,2026-08-23,ios,high,KR,tiktok_ads
u005412,2026-08-15,android,low,US,tiktok_ads
u005413,2026-08-25,ios,mid,KR,meta_ads
u005414,2026-09-02,android,high,KR,google_ads
u005415,2026-08-19,ios,mid,US,tiktok_ads
u005416,2026-08-22,android,mid,KR,meta_ads
u005417,2026-08-28,ios,high,KR,tiktok_ads
u005418,2026-09-02,ios,mid,KR,tiktok_ads
u005419,2026-09-01,android,high,JP,tiktok_ads
u005420,2026-09-01,ios,high,US,meta_ads
u005421,2026-08-15,android,low,TW,tiktok_ads
u005422,2026-09-06,ios,high,KR,organic
u005423,2026-08-28,android,mid,KR,tiktok_ads
u005424,2026-08-18,android,mid,KR,meta_ads
u005425,2026-08-31,android,high,US,meta_ads
u005426,2026-08-30,android,high,KR,google_ads
u005427,2026-08-25,android,low,KR,organic
u005428,2026-08-16,android,low,KR,google_ads
u005429,2026-08-18,android,high,KR,cross_promo
u005430,2026-08-20,ios,mid,KR,google_ads
u005431,2026-08-23,android,mid,KR,meta_ads
u005432,2026-08-17,ios,low,KR,google_ads
u005433,2026-09-06,ios,mid,KR,tiktok_ads
u005434,2026-08-31,ios,mid,KR,tiktok_ads
u005435,2026-09-04,android,low,TW,cross_promo
u005436,2026-08-24,android,mid,KR,organic
u005437,2026-08-27,android,low,US,google_ads
u005438,2026-08-21,android,mid,KR,google_ads
u005439,2026-08-18,android,low,KR,google_ads
u005440,2026-09-06,android,high,OTHER,tiktok_ads
u005441,2026-09-03,android,mid,OTHER,google_ads
u005442,2026-09-05,android,high,US,google_ads
u005443,2026-08-23,ios,high,JP,organic
u005444,2026-08-17,android,mid,JP,organic
u005445,2026-08-26,android,low,KR,cross_promo
u005446,2026-08-15,ios,mid,JP,organic
u005447,2026-08-16,ios,mid,KR,meta_ads
u005448,2026-08-17,ios,high,US,cross_promo
u005449,2026-08-19,android,mid,US,organic
u005450,2026-08-22,android,mid,KR,organic
u005451,2026-08-26,ios,high,KR,meta_ads
u005452,2026-09-04,android,low,US,meta_ads
u005453,2026-08-19,ios,low,KR,organic
u005454,2026-08-17,ios,high,KR,tiktok_ads
u005455,2026-08-21,ios,high,KR,google_ads
u005456,2026-08-27,android,low,KR,meta_ads
u005457,2026-08-31,android,low,US,meta_ads
u005458,2026-08-15,ios,mid,US,google_ads
u005459,2026-08-30,ios,high,KR,google_ads
u005460,2026-08-19,ios,high,TW,google_ads
u005461,2026-08-28,android,high,KR,tiktok_ads
u005462,2026-09-02,android,low,KR,tiktok_ads
u005463,2026-09-03,android,mid,KR,tiktok_ads
u005464,2026-09-01,ios,high,OTHER,tiktok_ads
u005465,2026-08-25,android,low,KR,meta_ads
u005466,2026-09-03,android,mid,KR,meta_ads
u005467,2026-09-03,ios,high,KR,google_ads
u005468,2026-08-29,android,low,US,tiktok_ads
u005469,2026-08-17,android,low,KR,meta_ads
u005470,2026-08-31,ios,low,KR,meta_ads
u005471,2026-09-03,ios,mid,OTHER,organic
u005472,2026-08-27,android,low,TW,meta_ads
u005473,2026-08-22,android,low,KR,tiktok_ads
u005474,2026-08-21,android,high,KR,meta_ads
u005475,2026-08-28,android,low,KR,google_ads
u005476,2026-09-02,android,low,KR,meta_ads
u005477,2026-08-22,android,low,KR,google_ads
u005478,2026-08-17,android,mid,US,meta_ads
u005479,2026-08-20,android,low,KR,organic
u005480,2026-08-27,android,mid,US,google_ads
u005481,2026-09-05,ios,high,KR,organic
u005482,2026-08-16,android,high,US,meta_ads
u005483,2026-08-25,android,high,JP,organic
u005484,2026-09-06,android,mid,KR,tiktok_ads
u005485,2026-09-02,ios,mid,US,meta_ads
u005486,2026-09-03,android,low,US,organic
u005487,2026-09-03,android,low,JP,organic
u005488,2026-08-22,ios,mid,US,google_ads
u005489,2026-09-02,android,low,US,organic
u005490,2026-09-06,android,high,OTHER,google_ads
u005491,2026-08-17,android,high,OTHER,tiktok_ads
u005492,2026-09-05,ios,mid,US,organic
u005493,2026-09-05,android,mid,KR,tiktok_ads
u005494,2026-08-24,android,high,US,organic
u005495,2026-09-06,android,mid,KR,organic
u005496,2026-08-27,android,mid,KR,google_ads
u005497,2026-08-26,android,mid,KR,meta_ads
u005498,2026-09-05,ios,mid,KR,google_ads
u005499,2026-09-03,ios,high,OTHER,meta_ads
u005500,2026-08-15,android,high,KR,meta_ads
u005501,2026-09-06,android,low,TW,google_ads
u005502,2026-08-27,ios,high,KR,organic
u005503,2026-08-17,android,mid,US,google_ads
u005504,2026-09-02,ios,low,KR,tiktok_ads
u005505,2026-09-05,android,high,KR,google_ads
u005506,2026-08-17,android,high,JP,cross_promo
u005507,2026-08-16,android,mid,JP,meta_ads
u005508,2026-08-31,android,high,KR,google_ads
u005509,2026-09-04,android,low,KR,google_ads
u005510,2026-08-17,ios,high,KR,organic
u005511,2026-08-21,android,mid,TW,meta_ads
u005512,2026-08-19,ios,mid,KR,meta_ads
u005513,2026-08-31,android,low,OTHER,meta_ads
u005514,2026-08-20,ios,mid,US,tiktok_ads
u005515,2026-08-16,android,low,KR,meta_ads
u005516,2026-09-03,ios,mid,KR,organic
u005517,2026-09-03,android,high,TW,tiktok_ads
u005518,2026-08-26,android,high,KR,organic
u005519,2026-08-20,android,mid,KR,organic
u005520,2026-08-19,ios,mid,TW,organic
u005521,2026-08-22,android,mid,KR,google_ads
u005522,2026-09-04,ios,high,KR,google_ads
u005523,2026-08-27,ios,high,TW,tiktok_ads
u005524,2026-08-15,ios,high,KR,organic
u005525,2026-08-16,ios,low,US,tiktok_ads
u005526,2026-09-04,android,high,US,meta_ads
u005527,2026-08-23,android,low,US,google_ads
u005528,2026-08-16,ios,high,US,organic
u005529,2026-08-28,android,low,OTHER,google_ads
u005530,2026-08-15,android,mid,KR,meta_ads
u005531,2026-09-01,ios,high,KR,tiktok_ads
u005532,2026-08-23,android,low,KR,organic
u005533,2026-09-04,ios,high,TW,meta_ads
u005534,2026-08-31,ios,high,KR,google_ads
u005535,2026-08-24,android,high,KR,meta_ads
u005536,2026-08-21,ios,mid,KR,tiktok_ads
u005537,2026-08-29,android,low,JP,google_ads
u005538,2026-08-18,ios,high,US,organic
u005539,2026-08-23,ios,mid,KR,google_ads
u005540,2026-09-01,android,mid,KR,tiktok_ads
u005541,2026-08-29,ios,low,KR,google_ads
u005542,2026-08-21,ios,mid,KR,tiktok_ads
u005543,2026-08-16,ios,high,KR,meta_ads
u005544,2026-09-01,android,mid,KR,meta_ads
u005545,2026-08-17,android,high,TW,organic
u005546,2026-08-23,android,mid,KR,tiktok_ads
u005547,2026-08-26,android,mid,JP,cross_promo
u005548,2026-08-15,android,mid,TW,tiktok_ads
u005549,2026-08-30,android,low,US,organic
u005550,2026-09-02,android,mid,JP,meta_ads
u005551,2026-09-02,android,high,OTHER,organic
u005552,2026-08-15,android,high,KR,organic
u005553,2026-08-25,android,high,OTHER,organic
u005554,2026-08-22,ios,mid,KR,meta_ads
u005555,2026-08-22,android,high,KR,tiktok_ads
u005556,2026-09-05,ios,high,TW,cross_promo
u005557,2026-08-22,ios,high,US,tiktok_ads
u005558,2026-08-15,ios,mid,KR,google_ads
u005559,2026-08-19,ios,high,KR,meta_ads
u005560,2026-09-04,ios,low,JP,google_ads
u005561,2026-09-06,android,low,KR,meta_ads
u005562,2026-08-18,android,low,TW,tiktok_ads
u005563,2026-09-02,ios,high,JP,organic
u005564,2026-09-03,android,low,OTHER,meta_ads
u005565,2026-09-04,ios,low,KR,meta_ads
u005566,2026-09-01,ios,mid,KR,tiktok_ads
u005567,2026-08-26,ios,mid,KR,google_ads
u005568,2026-09-01,android,low,KR,organic
u005569,2026-08-24,android,mid,KR,meta_ads
u005570,2026-08-20,ios,mid,JP,google_ads
u005571,2026-08-31,ios,low,KR,meta_ads
u005572,2026-09-05,android,low,KR,google_ads
u005573,2026-08-27,android,low,US,meta_ads
u005574,2026-08-24,android,high,US,tiktok_ads
u005575,2026-09-05,android,mid,KR,tiktok_ads
u005576,2026-08-23,android,high,TW,google_ads
u005577,2026-08-19,ios,high,KR,organic
u005578,2026-09-02,ios,low,JP,tiktok_ads
u005579,2026-08-19,ios,high,KR,tiktok_ads
u005580,2026-09-03,android,mid,OTHER,meta_ads
u005581,2026-09-06,ios,mid,JP,google_ads
u005582,2026-08-19,android,mid,KR,tiktok_ads
u005583,2026-08-15,android,mid,TW,google_ads
u005584,2026-08-26,android,low,US,tiktok_ads
u005585,2026-08-20,ios,high,US,organic
u005586,2026-09-01,android,low,TW,google_ads
u005587,2026-08-31,android,low,KR,google_ads
u005588,2026-08-30,ios,high,KR,meta_ads
u005589,2026-09-03,android,mid,KR,tiktok_ads
u005590,2026-09-04,android,low,KR,organic
u005591,2026-08-17,ios,mid,OTHER,google_ads
u005592,2026-08-27,android,high,KR,google_ads
u005593,2026-08-29,android,low,JP,meta_ads
u005594,2026-08-18,android,mid,JP,meta_ads
u005595,2026-08-22,ios,mid,KR,google_ads
u005596,2026-08-24,ios,high,JP,organic
u005597,2026-08-31,ios,mid,KR,meta_ads
u005598,2026-09-06,android,low,TW,google_ads
u005599,2026-08-19,ios,mid,KR,google_ads
u005600,2026-08-27,android,mid,JP,meta_ads
u005601,2026-08-25,android,mid,KR,google_ads
u005602,2026-08-18,ios,high,KR,tiktok_ads
u005603,2026-09-06,android,mid,KR,cross_promo
u005604,2026-08-24,android,low,KR,google_ads
u005605,2026-08-26,ios,mid,KR,organic
u005606,2026-08-24,android,mid,KR,organic
u005607,2026-08-31,android,mid,US,cross_promo
u005608,2026-08-21,android,low,KR,organic
u005609,2026-08-25,android,low,OTHER,meta_ads
u005610,2026-09-06,ios,high,TW,meta_ads
u005611,2026-08-27,ios,mid,KR,tiktok_ads
u005612,2026-08-16,android,low,KR,google_ads
u005613,2026-08-29,android,low,JP,cross_promo
u005614,2026-08-19,android,high,KR,google_ads
u005615,2026-08-30,android,mid,JP,tiktok_ads
u005616,2026-08-27,android,mid,KR,organic
u005617,2026-09-04,android,low,KR,tiktok_ads
u005618,2026-08-30,ios,low,JP,organic
u005619,2026-08-24,ios,mid,KR,meta_ads
u005620,2026-08-19,android,mid,OTHER,tiktok_ads
u005621,2026-09-04,android,high,KR,tiktok_ads
u005622,2026-08-25,android,low,KR,tiktok_ads
u005623,2026-09-01,ios,mid,JP,cross_promo
u005624,2026-08-27,android,low,US,google_ads
u005625,2026-08-20,android,low,KR,organic
u005626,2026-08-31,android,high,KR,meta_ads
u005627,2026-09-01,ios,high,JP,meta_ads
u005628,2026-08-25,ios,mid,TW,meta_ads
u005629,2026-08-19,android,low,KR,organic
u005630,2026-08-15,android,low,JP,meta_ads
u005631,2026-09-02,android,mid,US,organic
u005632,2026-08-23,ios,high,TW,tiktok_ads
u005633,2026-08-24,android,mid,JP,organic
u005634,2026-08-17,android,low,KR,organic
u005635,2026-08-22,ios,mid,US,tiktok_ads
u005636,2026-09-05,android,low,US,tiktok_ads
u005637,2026-08-19,android,mid,KR,organic
u005638,2026-08-31,ios,mid,KR,organic
u005639,2026-09-05,ios,mid,US,tiktok_ads
u005640,2026-08-27,ios,mid,KR,cross_promo
u005641,2026-08-25,ios,mid,KR,meta_ads
u005642,2026-09-02,android,mid,OTHER,organic
u005643,2026-09-05,android,low,JP,organic
u005644,2026-09-04,ios,mid,KR,google_ads
u005645,2026-09-02,ios,high,JP,tiktok_ads
u005646,2026-08-29,android,mid,KR,meta_ads
u005647,2026-09-04,android,low,KR,meta_ads
u005648,2026-08-15,android,mid,TW,tiktok_ads
u005649,2026-08-17,android,high,KR,meta_ads
u005650,2026-08-20,android,high,KR,meta_ads
u005651,2026-08-24,android,low,US,tiktok_ads
u005652,2026-08-22,android,low,KR,meta_ads
u005653,2026-08-20,android,mid,JP,meta_ads
u005654,2026-08-19,android,low,JP,google_ads
u005655,2026-08-30,ios,high,TW,google_ads
u005656,2026-09-03,android,high,JP,google_ads
u005657,2026-08-17,android,mid,OTHER,cross_promo
u005658,2026-08-28,android,low,KR,google_ads
u005659,2026-09-05,android,mid,TW,meta_ads
u005660,2026-08-27,ios,low,KR,google_ads
u005661,2026-08-17,android,low,US,tiktok_ads
u005662,2026-08-20,android,mid,US,meta_ads
u005663,2026-09-02,ios,low,JP,organic
u005664,2026-09-02,android,mid,KR,google_ads
u005665,2026-08-27,android,mid,KR,meta_ads
u005666,2026-08-25,ios,mid,KR,meta_ads
u005667,2026-08-16,ios,mid,US,organic
u005668,2026-08-29,android,low,KR,tiktok_ads
u005669,2026-08-31,android,mid,KR,organic
u005670,2026-08-19,android,low,KR,tiktok_ads
u005671,2026-08-25,android,low,KR,organic
u005672,2026-08-29,android,mid,OTHER,cross_promo
u005673,2026-08-19,android,mid,KR,organic
u005674,2026-09-02,ios,high,KR,organic
u005675,2026-08-29,android,mid,OTHER,meta_ads
u005676,2026-08-19,ios,high,KR,organic
u005677,2026-08-20,android,low,KR,organic
u005678,2026-08-30,android,low,KR,meta_ads
u005679,2026-09-01,ios,mid,TW,tiktok_ads
u005680,2026-08-23,android,mid,KR,meta_ads
u005681,2026-08-25,android,mid,KR,tiktok_ads
u005682,2026-08-27,android,high,KR,organic
u005683,2026-09-03,ios,high,US,google_ads
u005684,2026-08-23,android,low,KR,meta_ads
u005685,2026-09-03,android,mid,KR,organic
u005686,2026-09-06,android,low,KR,organic
u005687,2026-09-04,ios,high,JP,meta_ads
u005688,2026-08-17,android,mid,OTHER,google_ads
u005689,2026-08-25,android,mid,KR,tiktok_ads
u005690,2026-09-01,ios,mid,KR,tiktok_ads
u005691,2026-09-02,android,mid,KR,tiktok_ads
u005692,2026-09-04,ios,low,TW,cross_promo
u005693,2026-08-17,android,low,US,meta_ads
u005694,2026-09-04,ios,mid,JP,tiktok_ads
u005695,2026-08-24,android,low,JP,meta_ads
u005696,2026-08-29,ios,mid,KR,google_ads
u005697,2026-08-19,ios,mid,KR,google_ads
u005698,2026-09-04,ios,high,OTHER,meta_ads
u005699,2026-08-20,android,mid,KR,organic
u005700,2026-08-23,android,high,TW,tiktok_ads
u005701,2026-08-29,ios,mid,US,organic
u005702,2026-08-28,android,mid,KR,google_ads
u005703,2026-09-06,android,low,KR,tiktok_ads
u005704,2026-08-25,android,mid,US,meta_ads
u005705,2026-08-17,android,mid,KR,google_ads
u005706,2026-08-22,android,mid,TW,organic
u005707,2026-08-22,ios,high,KR,tiktok_ads
u005708,2026-08-15,ios,low,KR,organic
u005709,2026-08-23,android,low,US,meta_ads
u005710,2026-08-29,android,high,KR,meta_ads
u005711,2026-08-28,ios,mid,JP,tiktok_ads
u005712,2026-08-26,android,mid,KR,google_ads
u005713,2026-09-03,android,mid,US,organic
u005714,2026-08-18,android,mid,KR,tiktok_ads
u005715,2026-08-20,android,mid,KR,organic
u005716,2026-09-04,android,mid,KR,meta_ads
u005717,2026-08-31,ios,mid,KR,google_ads
u005718,2026-08-28,android,high,TW,google_ads
u005719,2026-09-03,android,low,KR,organic
u005720,2026-09-05,android,high,KR,organic
u005721,2026-08-24,ios,high,OTHER,organic
u005722,2026-08-26,android,low,US,google_ads
u005723,2026-08-24,ios,mid,US,organic
u005724,2026-09-04,android,low,KR,google_ads
u005725,2026-08-16,android,mid,JP,google_ads
u005726,2026-09-03,android,low,KR,google_ads
u005727,2026-08-19,ios,mid,US,google_ads
u005728,2026-08-29,ios,mid,US,organic
u005729,2026-08-18,android,high,JP,google_ads
u005730,2026-08-28,android,low,KR,organic
u005731,2026-08-17,android,low,JP,organic
u005732,2026-08-26,ios,mid,KR,meta_ads
u005733,2026-08-26,ios,high,JP,google_ads
u005734,2026-08-23,android,low,TW,meta_ads
u005735,2026-08-24,android,low,US,meta_ads
u005736,2026-08-15,ios,high,KR,meta_ads
u005737,2026-08-24,android,low,KR,google_ads
u005738,2026-08-19,android,mid,KR,organic
u005739,2026-08-29,android,high,KR,cross_promo
u005740,2026-08-28,android,high,US,google_ads
u005741,2026-08-28,ios,low,KR,google_ads
u005742,2026-08-29,android,low,KR,organic
u005743,2026-09-04,ios,mid,KR,cross_promo
u005744,2026-08-16,ios,low,KR,organic
u005745,2026-08-27,android,mid,US,cross_promo
u005746,2026-08-15,android,high,KR,organic
u005747,2026-08-26,android,low,KR,google_ads
u005748,2026-08-16,android,mid,KR,tiktok_ads
u005749,2026-08-31,ios,mid,KR,organic
u005750,2026-08-31,android,mid,JP,meta_ads
u005751,2026-09-05,android,low,KR,google_ads
u005752,2026-09-03,ios,mid,JP,tiktok_ads
u005753,2026-08-29,android,mid,KR,meta_ads
u005754,2026-08-25,android,mid,US,organic
u005755,2026-09-05,android,high,US,cross_promo
u005756,2026-08-31,android,mid,KR,organic
u005757,2026-09-02,android,high,KR,organic
u005758,2026-08-15,android,mid,US,organic
u005759,2026-08-26,android,mid,OTHER,meta_ads
u005760,2026-08-27,android,mid,JP,organic
u005761,2026-08-27,android,mid,US,organic
u005762,2026-08-20,android,low,US,google_ads
u005763,2026-08-24,android,low,KR,meta_ads
u005764,2026-08-19,android,low,KR,organic
u005765,2026-08-20,android,low,KR,google_ads
u005766,2026-08-24,android,mid,KR,organic
u005767,2026-08-16,android,low,KR,meta_ads
u005768,2026-08-22,android,high,KR,tiktok_ads
u005769,2026-09-06,ios,mid,KR,tiktok_ads
u005770,2026-08-31,ios,high,KR,organic
u005771,2026-08-26,ios,high,JP,google_ads
u005772,2026-08-30,android,mid,OTHER,tiktok_ads
u005773,2026-08-23,android,mid,KR,organic
u005774,2026-08-22,ios,mid,US,google_ads
u005775,2026-09-05,ios,mid,US,organic
u005776,2026-08-16,android,high,KR,meta_ads
u005777,2026-08-30,android,low,KR,organic
u005778,2026-08-20,ios,mid,JP,google_ads
u005779,2026-09-01,android,low,TW,tiktok_ads
u005780,2026-08-18,android,high,KR,tiktok_ads
u005781,2026-08-28,ios,mid,KR,organic
u005782,2026-08-25,ios,mid,KR,meta_ads
u005783,2026-08-15,ios,mid,KR,tiktok_ads
u005784,2026-08-15,ios,mid,KR,meta_ads
u005785,2026-08-29,ios,high,JP,meta_ads
u005786,2026-08-24,android,low,KR,google_ads
u005787,2026-09-02,ios,mid,JP,meta_ads
u005788,2026-08-31,android,mid,KR,tiktok_ads
u005789,2026-08-19,ios,high,KR,meta_ads
u005790,2026-08-19,android,mid,JP,tiktok_ads
u005791,2026-09-05,android,high,US,organic
u005792,2026-08-30,ios,low,TW,google_ads
u005793,2026-09-06,android,mid,KR,cross_promo
u005794,2026-08-17,android,mid,KR,google_ads
u005795,2026-08-25,android,high,KR,google_ads
u005796,2026-08-20,android,mid,TW,meta_ads
u005797,2026-08-26,android,mid,TW,meta_ads
u005798,2026-08-22,android,high,JP,tiktok_ads
u005799,2026-08-20,android,mid,JP,google_ads
u005800,2026-09-03,ios,mid,KR,meta_ads
u005801,2026-08-17,ios,high,US,meta_ads
u005802,2026-08-18,ios,mid,KR,meta_ads
u005803,2026-08-26,android,low,KR,meta_ads
u005804,2026-08-17,ios,high,KR,cross_promo
u005805,2026-08-22,ios,high,KR,meta_ads
u005806,2026-08-26,android,mid,OTHER,cross_promo
u005807,2026-08-25,android,mid,JP,meta_ads
u005808,2026-08-27,android,low,US,google_ads
u005809,2026-08-15,ios,mid,KR,tiktok_ads
u005810,2026-08-23,android,low,KR,cross_promo
u005811,2026-08-29,android,low,KR,meta_ads
u005812,2026-08-24,android,low,KR,organic
u005813,2026-08-24,android,low,KR,tiktok_ads
u005814,2026-08-22,android,high,US,cross_promo
u005815,2026-08-21,android,low,OTHER,organic
u005816,2026-08-26,android,mid,JP,meta_ads
u005817,2026-08-17,android,low,TW,organic
u005818,2026-09-05,android,low,KR,meta_ads
u005819,2026-08-22,android,mid,TW,organic
u005820,2026-08-21,android,mid,JP,google_ads
u005821,2026-09-04,ios,high,TW,organic
u005822,2026-08-17,ios,mid,TW,organic
u005823,2026-08-26,android,low,TW,cross_promo
u005824,2026-08-27,ios,high,US,organic
u005825,2026-08-21,android,high,KR,tiktok_ads
u005826,2026-09-06,android,low,KR,meta_ads
u005827,2026-08-17,ios,mid,KR,google_ads
u005828,2026-08-28,android,high,KR,meta_ads
u005829,2026-08-18,ios,high,KR,tiktok_ads
u005830,2026-08-27,android,mid,KR,organic
u005831,2026-09-06,android,high,KR,organic
u005832,2026-08-29,android,low,KR,meta_ads
u005833,2026-08-20,android,low,JP,meta_ads
u005834,2026-09-01,android,low,KR,meta_ads
u005835,2026-09-02,android,high,JP,google_ads
u005836,2026-09-04,android,mid,KR,meta_ads
u005837,2026-08-23,ios,mid,KR,tiktok_ads
u005838,2026-08-28,ios,low,JP,meta_ads
u005839,2026-08-21,android,low,KR,organic
u005840,2026-08-17,android,low,US,tiktok_ads
u005841,2026-08-21,android,low,KR,google_ads
u005842,2026-08-15,android,low,KR,tiktok_ads
u005843,2026-08-25,android,low,KR,organic
u005844,2026-08-28,android,mid,OTHER,tiktok_ads
u005845,2026-08-23,ios,mid,KR,organic
u005846,2026-08-19,android,low,KR,tiktok_ads
u005847,2026-08-24,android,mid,JP,cross_promo
u005848,2026-09-04,android,high,KR,meta_ads
u005849,2026-08-24,android,mid,KR,google_ads
u005850,2026-08-23,ios,mid,KR,meta_ads
u005851,2026-08-27,ios,mid,JP,cross_promo
u005852,2026-08-20,android,high,US,cross_promo
u005853,2026-08-19,ios,high,KR,organic
u005854,2026-08-28,ios,mid,TW,organic
u005855,2026-08-19,ios,low,JP,organic
u005856,2026-08-16,android,mid,KR,meta_ads
u005857,2026-08-16,ios,high,TW,google_ads
u005858,2026-08-21,android,low,KR,meta_ads
u005859,2026-08-27,android,mid,KR,meta_ads
u005860,2026-09-04,android,mid,US,organic
u005861,2026-09-05,android,mid,OTHER,tiktok_ads
u005862,2026-09-05,android,low,KR,google_ads
u005863,2026-08-29,ios,mid,US,tiktok_ads
u005864,2026-08-20,ios,mid,KR,google_ads
u005865,2026-09-06,android,low,KR,google_ads
u005866,2026-08-16,android,low,KR,meta_ads
u005867,2026-08-25,android,low,TW,google_ads
u005868,2026-08-22,android,high,KR,organic
u005869,2026-08-22,android,low,KR,organic
u005870,2026-08-21,android,low,KR,google_ads
u005871,2026-08-31,android,low,US,organic
u005872,2026-08-22,ios,high,OTHER,cross_promo
u005873,2026-09-04,android,mid,KR,meta_ads
u005874,2026-08-29,ios,high,KR,tiktok_ads
u005875,2026-08-31,android,low,KR,tiktok_ads
u005876,2026-08-16,android,mid,US,organic
u005877,2026-08-29,ios,mid,US,tiktok_ads
u005878,2026-09-05,android,low,KR,google_ads
u005879,2026-09-04,android,low,US,meta_ads
u005880,2026-08-31,ios,mid,KR,meta_ads
u005881,2026-08-15,android,mid,KR,meta_ads
u005882,2026-08-22,ios,mid,US,organic
u005883,2026-09-02,android,mid,OTHER,meta_ads
u005884,2026-09-05,android,low,US,tiktok_ads
u005885,2026-08-23,android,high,KR,tiktok_ads
u005886,2026-08-23,ios,mid,TW,meta_ads
u005887,2026-08-23,ios,mid,TW,meta_ads
u005888,2026-08-29,ios,mid,KR,google_ads
u005889,2026-09-01,ios,high,US,google_ads
u005890,2026-08-28,ios,mid,TW,organic
u005891,2026-09-01,ios,high,KR,meta_ads
u005892,2026-08-28,ios,mid,KR,google_ads
u005893,2026-08-24,android,low,JP,google_ads
u005894,2026-08-16,android,mid,KR,organic
u005895,2026-08-18,ios,mid,KR,organic
u005896,2026-09-04,android,high,KR,organic
u005897,2026-09-02,android,low,JP,tiktok_ads
u005898,2026-08-15,android,mid,KR,google_ads
u005899,2026-08-29,android,high,OTHER,tiktok_ads
u005900,2026-08-24,android,mid,JP,organic
u005901,2026-09-02,android,low,OTHER,tiktok_ads
u005902,2026-08-22,ios,mid,TW,google_ads
u005903,2026-08-25,android,mid,KR,organic
u005904,2026-08-16,ios,mid,US,meta_ads
u005905,2026-09-05,ios,low,KR,google_ads
u005906,2026-08-19,ios,mid,KR,cross_promo
u005907,2026-08-25,android,low,KR,meta_ads
u005908,2026-09-06,ios,low,KR,meta_ads
u005909,2026-08-23,android,mid,KR,organic
u005910,2026-08-29,ios,mid,KR,tiktok_ads
u005911,2026-08-26,android,mid,US,meta_ads
u005912,2026-08-30,android,low,JP,organic
u005913,2026-08-17,ios,high,JP,tiktok_ads
u005914,2026-08-16,android,low,JP,google_ads
u005915,2026-09-01,android,mid,US,google_ads
u005916,2026-08-18,android,low,US,google_ads
u005917,2026-08-23,ios,high,KR,organic
u005918,2026-08-28,android,low,KR,organic
u005919,2026-09-02,android,low,US,meta_ads
u005920,2026-08-21,android,mid,US,organic
u005921,2026-08-15,ios,low,KR,google_ads
u005922,2026-09-03,ios,high,JP,meta_ads
u005923,2026-08-18,android,mid,KR,meta_ads
u005924,2026-08-15,ios,high,OTHER,organic
u005925,2026-08-29,android,low,US,cross_promo
u005926,2026-08-19,ios,high,JP,organic
u005927,2026-08-30,android,mid,KR,organic
u005928,2026-08-29,android,low,KR,tiktok_ads
u005929,2026-08-20,ios,high,KR,cross_promo
u005930,2026-08-25,android,low,US,google_ads
u005931,2026-08-17,android,low,OTHER,organic
u005932,2026-08-25,ios,high,KR,meta_ads
u005933,2026-08-29,android,low,OTHER,meta_ads
u005934,2026-09-02,android,mid,KR,tiktok_ads
u005935,2026-08-23,ios,mid,JP,organic
u005936,2026-08-17,ios,high,JP,meta_ads
u005937,2026-09-01,android,mid,US,tiktok_ads
u005938,2026-08-20,android,low,JP,google_ads
u005939,2026-08-29,android,low,KR,cross_promo
u005940,2026-08-26,ios,high,KR,organic
u005941,2026-08-19,ios,mid,KR,google_ads
u005942,2026-08-18,android,mid,KR,tiktok_ads
u005943,2026-08-29,android,mid,KR,organic
u005944,2026-09-05,ios,high,KR,organic
u005945,2026-08-23,ios,mid,US,organic
u005946,2026-08-23,android,low,KR,google_ads
u005947,2026-08-17,ios,mid,OTHER,meta_ads
u005948,2026-08-21,android,low,KR,organic
u005949,2026-09-04,android,mid,KR,meta_ads
u005950,2026-09-04,android,low,TW,cross_promo
u005951,2026-09-05,ios,mid,JP,tiktok_ads
u005952,2026-08-22,ios,low,US,tiktok_ads
u005953,2026-08-25,android,high,KR,tiktok_ads
u005954,2026-09-06,ios,mid,KR,organic
u005955,2026-08-20,ios,mid,KR,google_ads
u005956,2026-08-27,ios,high,KR,organic
u005957,2026-08-17,ios,mid,TW,google_ads
u005958,2026-08-15,android,high,KR,organic
u005959,2026-09-03,android,low,TW,organic
u005960,2026-08-21,ios,low,KR,organic
u005961,2026-08-28,android,low,KR,organic
u005962,2026-08-15,ios,mid,KR,google_ads
u005963,2026-08-27,android,low,TW,cross_promo
u005964,2026-08-22,ios,low,US,organic
u005965,2026-09-03,android,mid,US,meta_ads
u005966,2026-08-22,android,high,KR,cross_promo
u005967,2026-08-21,android,mid,TW,tiktok_ads
u005968,2026-08-28,ios,mid,KR,google_ads
u005969,2026-08-19,android,mid,KR,meta_ads
u005970,2026-08-22,android,mid,JP,organic
u005971,2026-08-23,ios,high,US,organic
u005972,2026-08-27,android,low,JP,organic
u005973,2026-08-25,android,mid,KR,organic
u005974,2026-09-03,android,low,OTHER,google_ads
u005975,2026-09-06,android,mid,TW,google_ads
u005976,2026-08-16,android,low,US,organic
u005977,2026-08-15,android,mid,US,cross_promo
u005978,2026-08-30,android,high,KR,google_ads
u005979,2026-08-23,android,mid,KR,cross_promo
u005980,2026-08-15,android,low,TW,meta_ads
u005981,2026-08-17,android,low,KR,tiktok_ads
u005982,2026-08-23,android,low,KR,tiktok_ads
u005983,2026-09-03,android,low,KR,google_ads
u005984,2026-08-22,android,low,US,meta_ads
u005985,2026-08-15,android,low,KR,google_ads
u005986,2026-08-15,ios,high,TW,meta_ads
u005987,2026-08-20,android,low,OTHER,google_ads
u005988,2026-09-04,android,mid,KR,tiktok_ads
u005989,2026-08-21,android,low,TW,tiktok_ads
u005990,2026-09-04,ios,mid,TW,tiktok_ads
u005991,2026-08-23,android,high,KR,organic
u005992,2026-09-03,android,low,KR,meta_ads
u005993,2026-08-22,android,low,KR,organic
u005994,2026-08-20,android,high,OTHER,google_ads
u005995,2026-08-17,android,low,KR,organic
u005996,2026-09-02,ios,high,TW,organic
u005997,2026-09-05,ios,high,KR,organic
u005998,2026-08-16,android,low,KR,tiktok_ads
u005999,2026-08-20,ios,mid,KR,organic
u006000,2026-09-05,android,mid,KR,google_ads
